frequency,V(p001),V(vin),V(vout),I(C1),I(L1),I(R1),I(V1)
(1+0j),(4.964452991294423-0.4211230393680561j),(4.999999999999999+0j),(4.964279079738033-0.42109980425532195j),(0.0007144184052374886+0.008421996085132912j),(0.0007144184052407731+0.008421996085106928j),(0.0007144184052393143+0.008421996085106439j),(-0.0007144184052393191-0.008421996085106439j)
(51.049049049049046+0j),(0.23200317317197577-1.1060093150072905j),(5-2.220446049250313e-16j),(0.21083193462729125-1.004604728860748j),(0.09578336130745418+0.020092094577214965j),(0.09578336130745409+0.020092094577214937j),(0.09578336130745418+0.020092094577214958j),(-0.09578336130745418-0.02009209457721496j)
(101.09809809809809+0j),(0.04330409713035016-0.5798143022478293j),(4.999999999999999+5.551115123125783e-17j),(0.027834838644913606-0.3713518660383647j),(0.0994433032271017+0.007427037320767293j),(0.09944330322710172+0.007427037320767296j),(0.09944330322710171+0.007427037320767295j),(-0.09944330322710172-0.007427037320767296j)
(151.14714714714714+0j),(0.005972767085394414-0.3898933454415068j),(5+0j),(0.0012730544910417735-0.07657538175010789j),(0.09997453891017917+0.0015315076350021575j),(0.09997453891017916+0.0015315076350021577j),(0.09997453891017916+0.001531507635002158j),(-0.09997453891017918-0.0015315076350021582j)
(201.19619619619618+0j),(-0.007272319421928005-0.29279258605419445j),(4.999999999999999+0j),(0.0031826125170402136+0.12410987800112468j),(0.09993634774965918-0.002482197560022494j),(0.09993634774965916-0.0024821975600224934j),(0.09993634774965918-0.0024821975600224934j),(-0.09993634774965919+0.002482197560022494j)
(251.24524524524523+0j),(-0.013391016304366106-0.23384495846378708j),(5.000000000000001+0j),(0.016442199265453275+0.2853809814921525j),(0.09967115601469094-0.0057076196298430516j),(0.09967115601469094-0.005707619629843052j),(0.09967115601469095-0.005707619629843051j),(-0.09967115601469095+0.0057076196298430516j)
(301.2942942942943+0j),(-0.01666577012308102-0.1942094575718595j),(5-1.1102230246251565e-16j),(0.036649792817485816+0.42592186100228296j),(0.09926700414365028-0.00851843722004566j),(0.09926700414365028-0.00851843722004566j),(0.09926700414365028-0.008518437220045662j),(-0.09926700414365028+0.00851843722004566j)
(351.34334334334335+0j),(-0.018580407022693136-0.1656869996555187j),(5.000000000000001+1.1102230246251565e-16j),(0.06219653481040487+0.5537332341827543j),(0.09875606930379191-0.011074664683655085j),(0.09875606930379192-0.011074664683655085j),(0.09875606930379192-0.011074664683655085j),(-0.09875606930379191+0.011074664683655085j)
(401.39239239239237+0j),(-0.019759099897991874-0.1441429786030397j),(4.999999999999999+0j),(0.09231967474902132+0.6727441513547188j),(0.09815360650501954-0.013454883027094373j),(0.09815360650501956-0.013454883027094373j),(0.09815360650501957-0.013454883027094376j),(-0.09815360650501959+0.013454883027094378j)
(451.4414414414414+0j),(-0.020501695255761624-0.1272682308350844j),(5+0j),(0.12656623643976794+0.785063587464499j),(0.09746867527120465-0.01570127174928998j),(0.09746867527120466-0.01570127174928998j),(0.09746867527120465-0.01570127174928998j),(-0.09746867527120465+0.01570127174928998j)
(501.49049049049046+0j),(-0.02096700177627966-0.11367242245127467j),(5+1.1102230246251565e-16j),(0.1646105985213944+0.8918928266287593j),(0.09670778802957214-0.017837856532575184j),(0.09670778802957213-0.01783785653257518j),(0.09670778802957211-0.017837856532575184j),(-0.09670778802957211+0.017837856532575184j)
(551.5395395395395+0j),(-0.021245727179209528-0.10246868317870751j),(5+0j),(0.2061830770963297+0.9939439381051073j),(0.09587633845807342-0.019878878762102144j),(0.09587633845807342-0.019878878762102144j),(0.09587633845807342-0.019878878762102144j),(-0.0958763384580734+0.019878878762102144j)
(601.5885885885886+0j),(-0.02139293490090353-0.09306477955933089j),(5+0j),(0.25103925785029785+1.0916504448279116j),(0.09497921484299406-0.021833008896558235j),(0.09497921484299406-0.02183300889655824j),(0.09497921484299404-0.02183300889655823j),(-0.09497921484299406+0.02183300889655824j)
(651.6376376376376+0j),(-0.021443795117823572-0.0850502175133824j),(5+0j),(0.29894614927963775+1.185281338014698j),(0.09402107701440722-0.023705626760293957j),(0.09402107701440725-0.02370562676029396j),(0.09402107701440725-0.02370562676029396j),(-0.09402107701440725+0.02370562676029396j)
(701.6866866866867+0j),(-0.02142177719124704-0.0781315329790634j),(5+2.220446049250313e-16j),(0.3496759296544755+1.2750064193509316j),(0.09300648140691048-0.02550012838701863j),(0.0930064814069105-0.025500128387018626j),(0.0930064814069105-0.02550012838701863j),(-0.0930064814069105+0.025500128387018636j)
(751.7357357357357+0j),(-0.021343159304605883-0.07209337437000664j),(5.000000000000001+2.220446049250313e-16j),(0.4030033600802081+1.3609354877050273j),(0.09193993279839582-0.027218709754100536j),(0.09193993279839587-0.027218709754100547j),(0.09193993279839585-0.02721870975410054j),(-0.09193993279839585+0.027218709754100533j)
(801.7847847847847+0j),(-0.02121963086206123-0.06677413367456184j),(5.000000000000001+2.220446049250313e-16j),(0.458705049781348+1.443142683797835j),(0.09082589900437307-0.0288628536759567j),(0.09082589900437305-0.028862853675956698j),(0.09082589900437306-0.028862853675956694j),(-0.09082589900437307+0.0288628536759567j)
(851.8338338338338+0j),(-0.021059855363182427-0.06205015503750206j),(5+0j),(0.5165596758228787+1.5216820119073629j),(0.08966880648354243-0.030433640238147253j),(0.08966880648354245-0.030433640238147257j),(0.08966880648354243-0.030433640238147257j),(-0.08966880648354245+0.030433640238147264j)
(901.8828828828828+0j),(-0.020870441531743947-0.0578251950004725j),(5+0j),(0.57634868561754+1.5965974020993277j),(0.0884730262876492-0.03193194804198654j),(0.08847302628764919-0.03193194804198655j),(0.0884730262876492-0.031931948041986555j),(-0.08847302628764919+0.031931948041986555j)
(951.9319319319319+0j),(-0.020656564783082473-0.05402320483990095j),(5-4.440892098500626e-16j),(0.6378572215846398+1.6679292752517392j),(0.0872428555683072-0.03335858550503479j),(0.0872428555683072-0.03335858550503478j),(0.0872428555683072-0.033358585505034795j),(-0.0872428555683072+0.03335858550503479j)
(1001.9809809809809+0j),(-0.02042237528874111-0.050583275193109074j),(4.999999999999999+0j),(0.7008751180010018+1.735718800693813j),(0.08598249763997995-0.03471437601387625j),(0.08598249763997995-0.03471437601387626j),(0.08598249763997995-0.03471437601387626j),(-0.08598249763997995+0.034714376013876266j)
(1052.03003003003+0j),(-0.020171272078967652-0.04745602388855044j),(5-2.220446049250313e-16j),(0.7651978813838153+1.8000105937194844j),(0.08469604237232371-0.03600021187438969j),(0.0846960423723237-0.03600021187438968j),(0.0846960423723237-0.03600021187438969j),(-0.0846960423723237+0.0360002118743897j)
(1102.079079079079+0j),(-0.01990609095442965-0.044600968761217503j),(5+0j),(0.8306276015240155+1.8608543377452382j),(0.08338744796951969-0.03721708675490477j),(0.08338744796951969-0.03721708675490477j),(0.08338744796951969-0.03721708675490477j),(-0.08338744796951969+0.037217086754904774j)
(1152.128128128128+0j),(-0.019629235732221216-0.04198458625184546j),(5.000000000000001+2.220446049250313e-16j),(0.8969737622369576+1.9183056551617055j),(0.08206052475526088-0.0383661131032341j),(0.08206052475526088-0.0383661131032341j),(0.08206052475526086-0.03836611310323411j),(-0.08206052475526088+0.0383661131032341j)
(1202.177177177177+0j),(-0.019342771523385125-0.03957885610125867j),(5-2.220446049250313e-16j),(0.9640539349805888+1.9724264495328123j),(0.08071892130038823-0.03944852899065624j),(0.08071892130038825-0.039448528990656255j),(0.08071892130038823-0.039448528990656255j),(-0.08071892130038823+0.039448528990656255j)
(1252.2262262262261+0j),(-0.01904849214104476-0.03736015621223017j),(5+0j),(1.0316943478721516+2.02328487596301j),(0.07936611304255696-0.040465697519260206j),(0.07936611304255697-0.04046569751926021j),(0.07936611304255697-0.0404656975192602j),(-0.07936611304255697+0.040465697519260206j)
(1302.2752752752751+0j),(-0.018747969620355763-0.0353084134849017j),(5+0j),(1.099730329051346+2.070955052495017j),(0.0780053934189731-0.041419101049900334j),(0.07800539341897308-0.041419101049900334j),(0.07800539341897307-0.04141910104990034j),(-0.07800539341897308+0.041419101049900334j)
(1352.3243243243242+0j),(-0.018442591205431215-0.03340644428172575j),(5+0j),(1.1680066277849908+2.115516595231978j),(0.07663986744430017-0.04231033190463955j),(0.0766398674443002-0.04231033190463955j),(0.07663986744430018-0.04231033190463956j),(-0.0766398674443002+0.04231033190463956j)
(1402.3733733733734+0j),(-0.01813358745067001-0.03163943709399499j),(5+4.440892098500626e-16j),(1.2363776197793879+2.1570540386125394j),(0.07527244760441226-0.0431410807722508j),(0.07527244760441225-0.043141080772250796j),(0.07527244760441225-0.04314108077225078j),(-0.07527244760441225+0.04314108077225079j)
(1452.4224224224224+0j),(-0.017822053953610598-0.02999454303979669j),(4.999999999999999+0j),(1.3047074052348218+2.1956561868904902j),(0.07390585189530355-0.04391312373780981j),(0.07390585189530355-0.04391312373780981j),(0.07390585189530355-0.043913123737809805j),(-0.07390585189530356+0.04391312373780981j)
(1502.4714714714714+0j),(-0.01750896847631984-0.028460548972200777j),(5+0j),(1.3728698094900729+2.231415431486508j),(0.07254260381019854-0.04462830862973017j),(0.07254260381019856-0.04462830862973017j),(0.07254260381019854-0.04462830862973016j),(-0.07254260381019854+0.04462830862973016j)
(1552.5205205205204+0j),(-0.017195204693843797-0.02702761447541966j),(5+0j),(1.4407482968385785+2.264427060273232j),(0.07118503406322842-0.04528854120546464j),(0.07118503406322843-0.04528854120546465j),(0.07118503406322843-0.04528854120546465j),(-0.07118503406322844+0.04528854120546464j)
(1602.5695695695695+0j),(-0.016881543450097243-0.025687058702228673j),(5+0j),(1.5082358083826661+2.294788578233264j),(0.06983528383234669-0.04589577156466526j),(0.0698352838323467-0.045895771564665275j),(0.06983528383234668-0.04589577156466528j),(-0.06983528383234669+0.04589577156466529j)
(1652.6186186186185+0j),(-0.016568682151425332-0.024431186409580263j),(5-4.440892098500626e-16j),(1.575234534730249+2.3225990537644003j),(0.06849530930539503-0.046451981075288015j),(0.068495309305395-0.046451981075288j),(0.06849530930539502-0.046451981075288015j),(-0.06849530930539502+0.046451981075288015j)
(1702.6676676676675+0j),(-0.016257242751697303-0.023253145054385145j),(5+0j),(1.64165563401213+2.347958500837874j),(0.0671668873197574-0.046959170016757486j),(0.06716688731975741-0.046959170016757486j),(0.0671668873197574-0.04695917001675748j),(-0.06716688731975741+0.04695917001675749j)
(1752.7167167167165+0j),(-0.015947778657435862-0.022146806674005835j),(5+4.440892098500626e-16j),(1.7074189051756772+2.3709673039927455j),(0.06585162189648645-0.047419346079854895j),(0.06585162189648645-0.04741934607985489j),(0.06585162189648645-0.0474193460798549j),(-0.06585162189648645+0.047419346079854915j)
(1802.7657657657655+0j),(-0.01564078079180847-0.021106669674108514j),(5+0j),(1.7724524258487606+2.391725690593342j),(0.06455095148302481-0.04783451381186685j),(0.06455095148302481-0.04783451381186684j),(0.06455095148302478-0.04783451381186685j),(-0.0645509514830248+0.04783451381186685j)
(1852.8148148148148+0j),(-0.015336682991828771-0.020127776705312624j),(5+0j),(1.8366921633135103+2.4103332527542967j),(0.06326615673372978-0.04820666505508593j),(0.06326615673372978-0.04820666505508593j),(0.06326615673372979-0.04820666505508593j),(-0.0632661567337298+0.048206665055085945j)
(1902.8638638638638+0j),(-0.015035866866587514-0.01920564561856835j),(5-4.440892098500626e-16j),(1.900081566321542+2.426888519748925j),(0.06199836867356916-0.048537770394978516j),(0.06199836867356915-0.048537770394978516j),(0.061998368673569164-0.048537770394978516j),(-0.06199836867356916+0.048537770394978495j)
(1952.9129129129128+0j),(-0.01473866621067826-0.018336211111336268j),(4.999999999999999+0j),(1.9625711446522687+2.4414885804829862j),(0.06074857710695459-0.048829771609659706j),(0.06074857710695459-0.04882977160965971j),(0.06074857710695462-0.048829771609659726j),(-0.06074857710695461+0.048829771609659726j)
(2002.9619619619618+0j),(-0.014445371042619833-0.017515775158857792j),(5.000000000000002-4.440892098500626e-16j),(2.024118042489071+2.4542287546745647j),(0.059517639150218626-0.04908457509349129j),(0.05951763915021862-0.04908457509349129j),(0.05951763915021862-0.0490845750934913j),(-0.05951763915021861+0.049084575093491296j)
(2053.011011011011+0j),(-0.014156231320442155-0.01674096470108733j),(5+4.440892098500626e-16j),(2.0846856108838425+2.46520231068054j),(0.05830628778232316-0.04930404621361081j),(0.05830628778232317-0.049304046213610814j),(0.05830628778232315-0.04930404621361079j),(-0.05830628778232316+0.0493040462136108j)
(2103.06006006006+0j),(-0.013871460373858342-0.01600869535133793j),(5+0j),(2.1442429838136636+2.47450022740835j),(0.05711514032372674-0.04949000454816701j),(0.057115140323726735-0.04949000454816701j),(0.05711514032372673-0.049490004548166995j),(-0.05711514032372672+0.04949000454816699j)
(2153.109109109109+0j),(-0.013591238083256364-0.015316140126093095j),(5+0j),(2.2027646616142995+2.4822109974124396j),(0.05594470676771402-0.04964421994824881j),(0.05594470676771402-0.0496442199482488j),(0.055944706767714014-0.049644219948248795j),(-0.05594470676771399+0.04964421994824878j)
(2203.158158158158+0j),(-0.013315713829142074-0.014660702380827296j),(5-4.440892098500626e-16j),(2.2602301049111544+2.4884204680678472j),(0.054795397901776906-0.04976840936135695j),(0.05479539790177691-0.04976840936135695j),(0.05479539790177691-0.04976840936135696j),(-0.05479539790177693+0.04976840936135696j)
(2253.207207207207+0j),(-0.013045009230939215-0.014039992284696491j),(5+0j),(2.316623341563018+2.4932117176127035j),(0.05366753316873964-0.04986423435225409j),(0.05366753316873964-0.04986423435225407j),(0.05366753316873964-0.04986423435225407j),(-0.05366753316873963+0.049864234352254067j)
(2303.256256256256+0j),(-0.012779220690683-0.013451806285722094j),(5+0j),(2.3719325885892375+2.4966649628353093j),(0.05256134822821527-0.0499332992567062j),(0.05256134822821526-0.049933299256706185j),(0.05256134822821525-0.049933299256706185j),(-0.05256134822821525+0.049933299256706185j)
(2353.305305305305+0j),(-0.01251842175474998-0.012894109113819465j),(5-4.440892098500626e-16j),(2.4261498905665624+2.498857495231235j),(0.05147700218866873-0.0499771499046247j),(0.051477002188668734-0.0499771499046247j),(0.051477002188668755-0.04997714990462471j),(-0.05147700218866875+0.04997714990462469j)
(2403.354354354354+0j),(-0.012262665305067762-0.012365017946520252j),(5+4.440892098500626e-16j),(2.4792707755562087+2.4998636425559035j),(0.05041458448887581-0.04999727285111808j),(0.05041458448887581-0.049997272851118074j),(0.05041458448887583-0.04999727285111806j),(-0.05041458448887582+0.04999727285111806j)
(2453.4034034034034+0j),(-0.012011985590039579-0.011862788425238982j),(5+0j),(2.5312939292518797+2.4997547528352086j),(0.04937412141496239-0.049995095056704165j),(0.04937412141496239-0.04999509505670417j),(0.049374121414962405-0.04999509505670417j),(-0.049374121414962405+0.04999509505670418j)
(2503.4524524524522+0j),(-0.011766400104550784-0.0113858022613526j),(5-4.440892098500626e-16j),(2.582220887722209+2.4985991980600653j),(0.0483555822455558-0.04997198396120132j),(0.0483555822455558-0.049971983961201324j),(0.04835558224555582-0.04997198396120132j),(-0.048355582245555806+0.04997198396120131j)
(2553.5015015015015+0j),(-0.011525911327788976-0.010932556213485736j),(5+4.440892098500626e-16j),(2.632055748852238+2.496462394971283j),(0.04735888502295525-0.04992924789942566j),(0.04735888502295525-0.04992924789942567j),(0.047358885022955245-0.049929247899425655j),(-0.04735888502295525+0.04992924789942566j)
(2603.5505505505503+0j),(-0.011290508327129009-0.010501652252030182j),(5+4.440892098500626e-16j),(2.6808049023640104+2.49340684053158j),(0.046383901952719804-0.0498681368106316j),(0.046383901952719804-0.049868136810631604j),(0.04638390195271979-0.0498681368106316j),(-0.04638390195271981+0.049868136810631604j)
(2653.5995995995995+0j),(-0.011060168235953101-0.01009178875550624j),(5-4.440892098500626e-16j),(2.7284767781117463+2.4894921598760744j),(0.045430464437765085-0.049789843197521506j),(0.04543046443776508-0.0497898431975215j),(0.04543046443776508-0.0497898431975215j),(-0.045430464437765064+0.0497898431975215j)
(2703.6486486486483+0j),(-0.010834857612956427-0.009701752607035683j),(5+0j),(2.7750816121980586+2.4847751647264755j),(0.04449836775603883-0.049695503294529514j),(0.044498367756038826-0.04969550329452952j),(0.044498367756038826-0.049695503294529514j),(-0.044498367756038826+0.04969550329452951j)
(2753.6976976976975+0j),(-0.010614533690203322-0.009330412078852827j),(5+4.440892098500626e-16j),(2.8206312303402257+2.479309920444034j),(0.0435873753931955-0.04958619840888066j),(0.0435873753931955-0.04958619840888066j),(0.04358737539319549-0.04958619840888068j),(-0.04358737539319548+0.04958619840888068j)
(2803.746746746747+0j),(-0.010399145516931281-0.008976710409163468j),(5+4.440892098500626e-16j),(2.865138847825528+2.4731478200793156j),(0.04269722304348946-0.04946295640158629j),(0.04269722304348946-0.049462956401586294j),(0.04269722304348944-0.0494629564015863j),(-0.042697223043489455+0.04946295640158631j)
(2853.7957957957956+0j),(-0.01018863500583816-0.008639659989359812j),(5+0j),(2.908618885328594+2.466337663951153j),(0.041827622293428124-0.049326753279023056j),(0.04182762229342812-0.04932675327902305j),(0.04182762229342812-0.04932675327902306j),(-0.04182762229342812+0.04932675327902306j)
(2903.844844844845+0j),(-0.009982937888325985-0.00831833709109032j),(5+4.440892098500626e-16j),(2.95108679981801+2.45892574345133j),(0.04097826400363981-0.0491785148690266j),(0.04097826400363981-0.0491785148690266j),(0.0409782640036398-0.04917851486902659j),(-0.0409782640036398+0.04917851486902659j)
(2953.8938938938936+0j),(-0.009781984584909482-0.00801187707235294j),(5.000000000000001+0j),(2.9925589297510853+2.450955927924908j),(0.04014882140497833-0.04901911855849816j),(0.04014882140497832-0.04901911855849816j),(0.040148821404978316-0.049019118558498165j),(-0.040148821404978316+0.04901911855849815j)
(3003.942942942943+0j),(-0.009585700996726931-0.0077194700099419014j),(5.000000000000001+0j),(3.0330523537419785+2.4424697536181137j),(0.03933895292516044-0.04884939507236227j),(0.03933895292516044-0.04884939507236227j),(0.03933895292516045-0.04884939507236227j),(-0.039338952925160445+0.048849395072362266j)
(3053.9919919919917+0j),(-0.009394009223817014-0.007440356712490896j),(4.999999999999999+0j),(3.0725847618865414+2.4335065138162815j),(0.03854830476226915-0.04867013027632562j),(0.03854830476226915-0.04867013027632563j),(0.038548304762269156-0.04867013027632563j),(-0.03854830476226915+0.04867013027632563j)
(3104.041041041041+0j),(-0.009206828215547419-0.007173825074226266j),(5+0j),(3.111174338935432+2.4241033494136146j),(0.03777651322129135-0.048482066988272295j),(0.03777651322129135-0.048482066988272295j),(0.037776513221291365-0.048482066988272295j),(-0.037776513221291365+0.048482066988272295j)
(3154.0900900900897+0j),(-0.009024074358302223-0.006919206734547819j),(5+0j),(3.148839658523+2.414295339264825j),(0.03702320682954-0.048285906785296484j),(0.03702320682954001-0.048285906785296505j),(0.03702320682954-0.048285906785296505j),(-0.03702320682954+0.0482859067852965j)
(3204.139139139139+0j),(-0.008845662005256499-0.006675874012831571j),(5+0j),(3.1855995876817707+2.4041155897664495j),(0.036288008246364585-0.04808231179532899j),(0.03628800824636459-0.04808231179532899j),(0.036288008246364585-0.04808231179532899j),(-0.036288008246364585+0.04808231179532898j)
(3254.188188188188+0j),(-0.008671503952790314-0.006443237091516844j),(5-4.440892098500626e-16j),(3.221473200899274+2.393595323203408j),(0.03557053598201451-0.04787190646406816j),(0.035570535982014526-0.047871906464068165j),(0.03557053598201452-0.04787190646406817j),(-0.03557053598201452+0.04787190646406817j)
(3304.237237237237+0j),(-0.008501511867822603-0.006220741423695149j),(5+0j),(3.256479703004591+2.382763964474736j),(0.03487040593990819-0.047655279289494715j),(0.0348704059399082-0.04765527928949471j),(0.03487040593990818-0.047655279289494715j),(-0.03487040593990817+0.04765527928949471j)
(3354.286286286286+0j),(-0.008335596670078854-0.006007865344140988j),(5+0j),(3.2906383602050067+2.3716492258820687j),(0.03418723279589988-0.04743298451764138j),(0.034187232795899886-0.04743298451764138j),(0.034187232795899865-0.04743298451764138j),(-0.03418723279589987+0.04743298451764137j)
(3404.335335335335+0j),(-0.008173668873048087-0.005804117865081878j),(5.000000000000001-4.440892098500626e-16j),(3.323968438627783+2.3602771897260615j),(0.033520631227444364-0.04720554379452124j),(0.03352063122744437-0.04720554379452125j),(0.033520631227444364-0.04720554379452124j),(-0.03352063122744436+0.047205543794521236j)
(3454.3843843843842+0j),(-0.008015638887133783-0.005609036640051084j),(5+4.440892098500626e-16j),(3.356489149757635+2.3486723885100234j),(0.032870217004847324-0.04697344777020048j),(0.03287021700484732-0.04697344777020046j),(0.0328702170048473-0.04697344777020046j),(-0.0328702170048473+0.04697344777020046j)
(3504.433433433433+0j),(-0.00786141728826271-0.00542218608094957j),(5-4.440892098500626e-16j),(3.388219602196236+2.3368578825975006j),(0.032235607956075274-0.04673715765195003j),(0.03223560795607528-0.04673715765195002j),(0.03223560795607528-0.04673715765195002j),(-0.03223560795607529+0.04673715765195002j)
(3554.4824824824823+0j),(-0.007710915054984592-0.005243155615000904j),(5+0j),(3.419178759205675+2.3248553352117662j),(0.031616424815886494-0.046497106704235326j),(0.031616424815886494-0.04649710670423532j),(0.0316164248158865-0.046497106704235326j),(-0.031616424815886494+0.04649710670423531j)
(3604.531531531531+0j),(-0.00756404377687547-0.005071558069647606j),(5+0j),(3.4493854015327785+2.312685084700847j),(0.03101229196934442-0.04625370169401695j),(0.031012291969344418-0.04625370169401694j),(0.031012291969344432-0.046253701694016935j),(-0.031012291969344432+0.04625370169401694j)
(3654.5805805805803+0j),(-0.007420715836848434-0.004907028174637068j),(5+0j),(3.4788580950452506+2.3003662140224783j),(0.03042283809909499-0.04600732428044957j),(0.03042283809909499-0.04600732428044957j),(0.03042283809909499-0.04600732428044957j),(-0.030422838099094983+0.04600732428044956j)
(3704.6296296296296+0j),(-0.007280844569777624-0.004749221171602332j),(5+0j),(3.5076151627435266+2.287916617429561j),(0.029847696745129475-0.04575833234859121j),(0.02984769674512948-0.04575833234859122j),(0.02984769674512947-0.04575833234859122j),(-0.029847696745129472+0.04575833234859121j)
(3754.6786786786784+0j),(-0.007144344399654497-0.004597811522377584j),(5+0j),(3.535674660743852+2.2753530643589746j),(0.02928650678512297-0.04550706128717948j),(0.029286506785122977-0.04550706128717949j),(0.029286506785122964-0.04550706128717949j),(-0.02928650678512297+0.04550706128717949j)
(3804.7277277277276+0j),(-0.007011130957320075-0.004452491708116691j),(5+0j),(3.5630543578582543+2.262691260545325j),(0.028738912842834904-0.0452538252109065j),(0.028738912842834908-0.04525382521090651j),(0.028738912842834915-0.045253825210906505j),(-0.02873891284283492+0.045253825210906505j)
(3854.7767767767764+0j),(-0.006881121180652087-0.004312971112019137j),(5-4.440892098500626e-16j),(3.589771718425778+2.2499459063967655j),(0.028204565631484414-0.04499891812793532j),(0.028204565631484418-0.04499891812793533j),(0.028204565631484445-0.04499891812793532j),(-0.028204565631484442+0.04499891812793532j)
(3904.8258258258256+0j),(-0.00675423339893215-0.0041789749791238204j),(5+0j),(3.615843888076426+2.237130752682898j),(0.02768312223847148-0.04474261505365796j),(0.027683122238471483-0.044742615053657966j),(0.02768312223847148-0.04474261505365796j),(-0.027683122238471483+0.044742615053657966j)
(3954.8748748748744+0j),(-0.00663038740297447-0.004050243447217059j),(5+0j),(3.6412876821348057+2.2242586535951583j),(0.02717424635730388-0.04448517307190316j),(0.027174246357303884-0.04448517307190317j),(0.027174246357303887-0.04448517307190317j),(-0.027174246357303894+0.044485173071903174j)
(4004.9239239239237+0j),(-0.006509504502463976-0.003926530643425795j),(5+0j),(3.6661195763944727+2.211341617248434j),(0.02667760847211054-0.044226832344968686j),(0.026677608472110537-0.044226832344968686j),(0.026677608472110547-0.044226832344968686j),(-0.02667760847211055+0.0442268323449687j)
(4054.972972972973+0j),(-0.006391507571827561-0.0038076038415378716j),(5-4.440892098500626e-16j),(3.6903557000163305+2.1983908536991015j),(0.02619288599967337-0.04396781707398205j),(0.026192885999673374-0.04396781707398205j),(0.026192885999673392-0.04396781707398204j),(-0.02619288599967339+0.04396781707398204j)
(4105.022022022022+0j),(-0.006276321085847215-0.003693242675514758j),(5+0j),(3.714011830325443+2.1854168205595985j),(0.025719763393491142-0.04370833641119198j),(0.025719763393491146-0.043708336411191984j),(0.025719763393491146-0.04370833641119197j),(-0.02571976339349115+0.04370833641119197j)
(4155.071071071071+0j),(-0.006163871146117125-0.003583238405043665j),(5-4.440892098500626e-16j),(3.737103389300069+2.17242926629314j),(0.025257932213998614-0.04344858532586282j),(0.02525793221399861-0.043448585325862814j),(0.02525793221399862-0.043448585325862814j),(-0.02525793221399862+0.04344858532586281j)
(4205.12012012012+0j),(-0.00605408549934875-0.0034773932293210045j),(5+0j),(3.759645441564798+2.159437271274589j),(0.02480709116870405-0.04318874542549178j),(0.02480709116870405-0.04318874542549178j),(0.02480709116870404-0.04318874542549178j),(-0.02480709116870404+0.04318874542549179j)
(4255.1691691691685+0j),(-0.005946893548436903-0.003375519645570703j),(5+0j),(3.7816526937164423+2.146449286704766j),(0.024366946125671134-0.042928985734095336j),(0.024366946125671134-0.042928985734095336j),(0.024366946125671154-0.04292898573409532j),(-0.024366946125671154+0.04292898573409532j)
(4305.218218218218+0j),(-0.005842226357116524-0.003277439849083909j),(5+0j),(3.803139494826846+2.1334731714660937j),(0.023937210103463096-0.042669463429321874j),(0.0239372101034631-0.04266946342932187j),(0.023937210103463082-0.042669463429321874j),(-0.02393721010346308+0.042669463429321874j)
(4355.267267267267+0j),(-0.005740016648962927-0.0031829851718232004j),(4.999999999999999+0j),(3.8241198379810037+2.1205162270071574j),(0.023517603240379915-0.042410324540143145j),(0.023517603240379912-0.042410324540143145j),(0.02351760324037991-0.042410324540143145j),(-0.023517603240379915+0.04241032454014315j)
(4405.316316316316+0j),(-0.005640198801417803-0.0030919955568679503j),(5+0j),(3.844607362722175+2.107585230343089j),(0.023107852745556504-0.04215170460686176j),(0.02310785274555651-0.04215170460686177j),(0.023107852745556504-0.04215170460686178j),(-0.023107852745556497+0.04215170460686178j)
(4455.3653653653655+0j),(-0.005542708835458497-0.0030043190661901854j),(5-4.440892098500626e-16j),(3.8646153582876397+2.0946864652572827j),(0.022707692834247208-0.041893729305145656j),(0.02270769283424721-0.04189372930514566j),(0.022707692834247208-0.04189372930514566j),(-0.022707692834247208+0.041893729305145656j)
(4505.414414414414+0j),(-0.005447484401468894-0.0029198114194442628j),(4.999999999999999+0j),(3.8841567675300195+2.081825751788375j),(0.02231686464939956-0.0416365150357675j),(0.02231686464939956-0.0416365150357675j),(0.022316864649399592-0.0416365150357675j),(-0.02231686464939959+0.041636515035767506j)
(4555.463463463463+0j),(-0.0053544647618159105-0.002838335561630885j),(5+0j),(3.9032441914292066+2.069008474084339j),(0.02193511617141588-0.041380169481686775j),(0.02193511617141588-0.041380169481686775j),(0.02193511617141587-0.04138016948168678j),(-0.02193511617141587+0.04138016948168677j)
(4605.512512512512+0j),(-0.005263590770586047-0.002759761257658096j),(5+4.440892098500626e-16j),(3.921889894109266+2.0562396067033455j),(0.02156220211781468-0.041124792134066904j),(0.02156220211781468-0.04112479213406691j),(0.02156220211781468-0.041124792134066904j),(-0.021562202117814677+0.041124792134066904j)
(4655.561561561562+0j),(-0.005174804850891248-0.0026839647119702684j),(5+4.440892098500626e-16j),(3.940105808283363+2.0435237394385948j),(0.02119788383433274-0.04087047478877188j),(0.021197883834332742-0.04087047478877188j),(0.021197883834332742-0.040870474788771885j),(-0.02119788383433274+0.040870474788771885j)
(4705.61061061061+0j),(-0.005088050970111846-0.0026108282115521087j),(5+0j),(3.9579035410573993+2.030865100741689j),(0.020841929178852-0.04061730201483377j),(0.020841929178852-0.04061730201483378j),(0.020841929178852015-0.04061730201483378j),(-0.020841929178852022+0.04061730201483378j)
(4755.659659659659+0j),(-0.005003274613406966-0.0025402397907397156j),(5.000000000000001-4.440892098500626e-16j),(3.975294380030303+2.018267579816507j),(0.020494112399393964-0.040365351596330146j),(0.02049411239939396-0.040365351596330146j),(0.020494112399393957-0.04036535159633015j),(-0.020494112399393957+0.040365351596330146j)
(4805.708708708708+0j),(-0.004920422755788281-0.00247209291638524j),(5+0j),(3.992289299635346+2.005734747452711j),(0.020154214007293066-0.04011469494905422j),(0.020154214007293073-0.04011469494905423j),(0.020154214007293083-0.04011469494905422j),(-0.02015421400729309+0.04011469494905422j)
(4855.757757757758+0j),(-0.004839443833022049-0.002406286192027352j),(5-4.440892098500626e-16j),(4.008898967672829+1.9932698756653096j),(0.01982202064654341-0.039865397513306186j),(0.019822020646543412-0.0398653975133062j),(0.019822020646543415-0.0398653975133062j),(-0.019822020646543405+0.03986539751330619j)
(4905.806806806807+0j),(-0.004760287711595842-0.0023427230798166595j),(5+2.220446049250313e-16j),(4.025133751989769+1.9808759562038454j),(0.019497324960204596-0.0396175191240769j),(0.0194973249602046-0.039617519124076905j),(0.019497324960204614-0.039617519124076905j),(-0.019497324960204617+0.039617519124076905j)
(4955.855855855855+0j),(-0.00468290565796089-0.00228131163903478j),(5-4.440892098500626e-16j),(4.041003727267219+1.9685557179920559j),(0.019179925454655623-0.03937111435984113j),(0.019179925454655623-0.03937111435984113j),(0.019179925454655626-0.03937111435984113j),(-0.019179925454655633+0.03937111435984113j)
(5005.9049049049045+0j),(-0.004607250307237435-0.0022219642801281094j),(5+0j),(4.056518681880178+1.9563116435560843j),(0.018869626362396454-0.039126232871121686j),(0.018869626362396454-0.039126232871121686j),(0.018869626362396447-0.039126232871121686j),(-0.01886962636239645+0.039126232871121686j)
(5055.953953953954+0j),(-0.004533275631549563-0.0021645975332534716j),(4.999999999999999-2.220446049250313e-16j),(4.07168812479916+1.9441459844966278j),(0.01856623750401678-0.03888291968993255j),(0.018566237504016776-0.038882919689932564j),(0.018566237504016776-0.038882919689932564j),(-0.01856623750401678+0.038882919689932564j)
(5106.003003003003+0j),(-0.0044609369081366635-0.0021091318304030256j),(5+0j),(4.086521292506065+1.9320607760577977j),(0.018269574149878714-0.03864121552115595j),(0.018269574149878714-0.03864121552115595j),(0.0182695741498787-0.03864121552115595j),(-0.01826957414987871+0.03864121552115595j)
(5156.052052052051+0j),(-0.004390190687371518-0.0020554913002407325j),(5+0j),(4.101027155900291+1.9200578508428654j),(0.017979456881994177-0.03840115701685732j),(0.017979456881994173-0.03840115701685731j),(0.017979456881994177-0.038401157016857305j),(-0.017979456881994184+0.03840115701685731j)
(5206.1011011011005+0j),(-0.004320994760799308-0.00200360357484265j),(5.000000000000001+2.220446049250313e-16j),(4.115214427174085+1.9081388517246198j),(0.017695711456518323-0.0381627770344924j),(0.017695711456518323-0.03816277703449239j),(0.017695711456518312-0.03816277703449239j),(-0.017695711456518305+0.03816277703449238j)
(5256.15015015015+0j),(-0.004253308129297746-0.0019533996075888726j),(5+0j),(4.129091566638663+1.8963052439956043j),(0.017418168667226726-0.037926104879912104j),(0.017418168667226723-0.03792610487991209j),(0.01741816866722674-0.03792610487991209j),(-0.017418168667226747+0.03792610487991209j)
(5306.199199199199+0j),(-0.004187090971445816-0.0019048135015062833j),(5-2.220446049250313e-16j),(4.142666789485216+1.8845583268012454j),(0.017146664210295665-0.037691166536024924j),(0.017146664210295662-0.03769116653602491j),(0.01714666421029568-0.03769116653602491j),(-0.017146664210295686+0.03769116653602492j)
(5356.248248248248+0j),(-0.004122304612177087-0.0018577823474088553j),(4.999999999999999+0j),(4.155948072466961+1.8728992438965497j),(0.016881038550660754-0.03745798487793099j),(0.01688103855066075-0.037457984877930985j),(0.016881038550660765-0.037457984877931j),(-0.016881038550660768+0.037457984877931j)
(5406.297297297297+0j),(-0.004058911491783397-0.0018122460712264449j),(5-2.220446049250313e-16j),(4.168943160490444+1.8613289937650188j),(0.016621136790191126-0.03722657987530039j),(0.016621136790191123-0.037226579875300383j),(0.016621136790191126-0.037226579875300383j),(-0.016621136790191133+0.037226579875300383j)
(5456.346346346346+0j),(-0.003996875135325224-0.001768147289953783j),(4.999999999999999+2.220446049250313e-16j),(4.181659573106009+1.8498484391362648j),(0.016366808537879824-0.0369969687827253j),(0.016366808537879824-0.036996968782725285j),(0.01636680853787981-0.03699696878272529j),(-0.01636680853787981+0.0369969687827253j)
(5506.395395395395+0j),(-0.003936160122496979-0.0017254311756894234j),(5-2.220446049250313e-16j),(4.19410461088897+1.8384583159369086j),(0.016117907782220584-0.03676916631873819j),(0.01611790778222058-0.03676916631873818j),(0.0161179077822206-0.036769166318738174j),(-0.016117907782220598+0.03676916631873818j)
(5556.444444444444+0j),(-0.0038767320579877755-0.0016840453272695538j),(5.000000000000001+0j),(4.206285361704381+1.8271592417074445j),(0.015874292765912408-0.036543184834148895j),(0.015874292765912405-0.03654318483414888j),(0.01587429276591239-0.03654318483414889j),(-0.01587429276591239+0.03654318483414889j)
(5606.493493493494+0j),(-0.0038185575423717037-0.0016439396490342847j),(5+0j),(4.218208706849605+1.815951723515921j),(0.0156358258630079-0.03631903447031843j),(0.015635825863007897-0.03631903447031842j),(0.015635825863007897-0.03631903447031842j),(-0.015635825863007883+0.03631903447031842j)
(5656.542542542542+0j),(-0.0037616041435556582-0.0016050662362944875j),(5+2.220446049250313e-16j),(4.22988132707001+1.8048361653976834j),(0.0154023734585998-0.03609672330795367j),(0.015402373458599797-0.03609672330795366j),(0.015402373458599801-0.03609672330795367j),(-0.015402373458599792+0.03609672330795366j)
(5706.591591591591+0j),(-0.003705840368807331-0.0015673792670953361j),(5+2.220446049250313e-16j),(4.241309708444075+1.7938128753486537j),(0.015173805831118495-0.03587625750697307j),(0.015173805831118494-0.03587625750697306j),(0.015173805831118497-0.03587625750697307j),(-0.01517380583111851+0.03587625750697307j)
(5756.64064064064+0j),(-0.0036512356373813956-0.0015308348998991262j),(5.000000000000001+0j),(4.252500148135155+1.7828820718982086j),(0.014949997037296927-0.035657641437964176j),(0.014949997037296927-0.03565764143796417j),(0.014949997037296913-0.035657641437964176j),(-0.014949997037296912+0.03565764143796417j)
(5806.68968968969+0j),(-0.003597760253757576-0.001495391176834269j),(5+0j),(4.263458760007863+1.7720438902861804j),(0.014730824799842725-0.03544087780572361j),(0.014730824799842723-0.03544087780572361j),(0.014730824799842744-0.03544087780572361j),(-0.014730824799842732+0.03544087780572361j)
(5856.738738738738+0j),(-0.003545385381500622-0.0014610079321800981j),(5+0j),(4.274191480107833+1.7612983882671265j),(0.014516170397843356-0.03522596776534254j),(0.014516170397843352-0.035225967765342536j),(0.014516170397843347-0.03522596776534253j),(-0.01451617039784336+0.03522596776534253j)
(5906.787787787787+0j),(-0.0034940830177488465-0.001427646705778327j),(4.999999999999999-2.220446049250313e-16j),(4.284704072004093+1.7506455515636996j),(0.014305918559918128-0.035012911031274j),(0.014305918559918128-0.035012911031274j),(0.014305918559918123-0.035012911031274j),(-0.014305918559918123+0.035012911031274005j)
(5956.8368368368365+0j),(-0.003443825968335049-0.0013952706610816734j),(5+2.220446049250313e-16j),(4.295002131994007+1.740085298989719j),(0.014099957360119873-0.03480170597979437j),(0.014099957360119873-0.03480170597979437j),(0.014099957360119859-0.03480170597979438j),(-0.014099957360119847+0.03480170597979438j)
(6006.885885885886+0j),(-0.0033945878235409365-0.001363844507568496j),(5-2.220446049250313e-16j),(4.305091094171046+1.7296174872623091j),(0.01389817811657909-0.03459234974524619j),(0.013898178116579092-0.0345923497452462j),(0.013898178116579079-0.034592349745246186j),(-0.013898178116579089+0.034592349745246186j)
(6056.934934934935+0j),(-0.0033463429344840825-0.001333334427269503j),(5+0j),(4.31497623535619+1.71924191552144j),(0.013700475292876211-0.0343848383104288j),(0.01370047529287621-0.0343848383104288j),(0.013700475292876196-0.0343848383104288j),(-0.013700475292876197+0.034384838310428795j)
(6106.983983983983+0j),(-0.0032990663901343023-0.0013037080051683972j),(5+0j),(4.324662679894059+1.7089583295740312j),(0.013506746402118802-0.03417916659148064j),(0.0135067464021188-0.03417916659148064j),(0.013506746402118814-0.034179166591480625j),(-0.013506746402118814+0.034179166591480625j)
(6157.033033033033+0j),(-0.003252733994954777-0.0012749341632533751j),(5+0j),(4.3341554043152+1.6987664258789192j),(0.013316891913695993-0.03397532851757838j),(0.013316891913695993-0.03397532851757838j),(0.013316891913696002-0.03397532851757839j),(-0.013316891913695995+0.03397532851757839j)
(6207.082082082082+0j),(-0.003207322247161641-0.0012469830980101173j),(5+0j),(4.343459241866228+1.6886658552879057j),(0.013130815162675443-0.03377331710575812j),(0.013130815162675447-0.03377331710575812j),(0.013130815162675447-0.033773317105758115j),(-0.01313081516267545+0.033773317105758115j)
(6257.131131131131+0j),(-0.003162808317594561-0.0012198262211600083j),(5+0j),(4.352578886909754+1.678656226557338j),(0.012948422261804905-0.03357312453114676j),(0.012948422261804907-0.03357312453114677j),(0.012948422261804923-0.03357312453114676j),(-0.01294842226180492+0.03357312453114676j)
(6307.180180180179+0j),(-0.0031191700291896933-0.0011934361034593155j),(5+0j),(4.361518899196224+1.6687371096437384j),(0.012769622016075533-0.033374742192874764j),(0.012769622016075535-0.033374742192874764j),(0.012769622016075512-0.03337474219287477j),(-0.012769622016075514+0.03337474219287477j)
(6357.229229229229+0j),(-0.0030763858370454747-0.0011677864213864254j),(5+0j),(4.370283708009925+1.658908038796259j),(0.01259432583980148-0.033178160775925176j),(0.01259432583980148-0.03317816077592517j),(0.0125943258398015-0.033178160775925176j),(-0.012594325839801504+0.03317816077592518j)
(6407.278278278278+0j),(-0.003034434809070989-0.0011428519065547833j),(5-2.220446049250313e-16j),(4.378877616191623+1.6491685154579936j),(0.01242244767616754-0.032983370309159876j),(0.012422447676167538-0.032983370309159876j),(0.012422447676167537-0.032983370309159876j),(-0.01242244767616753+0.032983370309159876j)
(6457.327327327327+0j),(-0.0029932966072058753-0.0011186082976989973j),(5+0j),(4.387304804040308+1.6395180109874183j),(0.012253903919193822-0.03279036021974837j),(0.01225390391919382-0.03279036021974837j),(0.012253903919193832-0.03279036021974837j),(-0.012253903919193837+0.03279036021974836j)
(6507.376376376376+0j),(-0.00295295146920038-0.0010950322950908867j),(5+0j),(4.395569333096711+1.6299559692106513j),(0.012088613338065761-0.03259911938421302j),(0.012088613338065761-0.03259911938421301j),(0.012088613338065777-0.032599119384213025j),(-0.012088613338065764+0.032599119384213025j)
(6557.425425425425+0j),(-0.0029133801909435844-0.0010721015172507917j),(5+0j),(4.403675149811232+1.6204818088145243j),(0.01192649700377537-0.03240963617629049j),(0.01192649700377537-0.03240963617629049j),(0.011926497003775367-0.03240963617629049j),(-0.01192649700377536+0.03240963617629048j)
(6607.474474474474+0j),(-0.0028745641093275887-0.0010497944598275835j),(5+2.220446049250313e-16j),(4.411626089099036+1.6110949255899114j),(0.011767478218019293-0.03222189851179822j),(0.011767478218019295-0.03222189851179822j),(0.011767478218019285-0.03222189851179823j),(-0.011767478218019291+0.03222189851179822j)
(6657.523523523523+0j),(-0.0028364850856351905-0.0010280904565283613j),(5-2.220446049250313e-16j),(4.419425877785081+1.6017946945341897j),(0.011611482444298393-0.032035893890683786j),(0.011611482444298393-0.032035893890683786j),(0.011611482444298389-0.0320358938906838j),(-0.011611482444298382+0.0320358938906838j)
(6707.572572572572+0j),(-0.002799125489438353-0.0010069696419858583j),(5+2.220446049250313e-16j),(4.4270781379418525+1.5925804718211816j),(0.011458437241162944-0.03185160943642362j),(0.011458437241162947-0.03185160943642362j),(0.01145843724116295-0.03185160943642363j),(-0.011458437241162953+0.03185160943642363j)
(6757.621621621621+0j),(-0.002762468182994761-0.000986412916458258j),(5-2.220446049250313e-16j),(4.434586390122607+1.5834515966464524j),(0.011308272197547875-0.03166903193292906j),(0.011308272197547873-0.031669031932929054j),(0.011308272197547868-0.031669031932929054j),(-0.01130827219754788+0.031669031932929054j)
(6807.67067067067+0j),(-0.002726496506129566-0.0009664019122622452j),(5+0j),(4.441954056492906+1.5744073929553501j),(0.011160918870141862-0.031488147859107j),(0.011160918870141862-0.03148814785910701j),(0.011160918870141874-0.031488147859107j),(-0.011160918870141874+0.031488147859107j)
(6857.719719719719+0j),(-0.0026911942615895994-0.0009469189618460079j),(5-2.220446049250313e-16j),(4.449184463863247+1.5654471710607598j),(0.011016310722735036-0.03130894342121521j),(0.011016310722735038-0.03130894342121521j),(0.011016310722735057-0.0313089434212152j),(-0.011016310722735052+0.0313089434212152j)
(6907.7687687687685+0j),(-0.0026565457008571776-0.0009279470674142657j),(5+0j),(4.4562808466255115+1.5565702291571206j),(0.010874383067489769-0.031131404583142414j),(0.01087438306748977-0.031131404583142414j),(0.01087438306748977-0.031131404583142414j),(-0.010874383067489765+0.031131404583142414j)
(6957.817817817818+0j),(-0.00262253551041088-0.0009094698720225748j),(5+0j),(4.463246349595994+1.5477758547368703j),(0.010735073008080121-0.03095551709473741j),(0.01073507300808012-0.030955517094737404j),(0.010735073008080125-0.030955517094737407j),(-0.01073507300808012+0.030955517094737414j)
(7007.866866866866+0j),(-0.0025891487984206736-0.0008914716320628951j),(5.000000000000001+0j),(4.470084030767712+1.5390633259151276j),(0.01059831938464577-0.03078126651830256j),(0.01059831938464577-0.03078126651830256j),(0.01059831938464578-0.030781266518302552j),(-0.010598319384645775+0.030781266518302552j)
(7057.915915915915+0j),(-0.00255637108186497-0.0008739371910669238j),(5+2.220446049250313e-16j),(4.476796863974635+1.5304319126680657j),(0.010464062720507308-0.030608638253361305j),(0.010464062720507308-0.0306086382533613j),(0.010464062720507298-0.030608638253361308j),(-0.010464062720507287+0.030608638253361305j)
(7107.964964964965+0j),(-0.002524188274057326-0.000856851954757885j),(5.000000000000001+2.220446049250313e-16j),(4.483387741470485+1.5218808779901156j),(0.010332245170590325-0.03043761755980231j),(0.010332245170590327-0.03043761755980231j),(0.010332245170590327-0.03043761755980231j),(-0.010332245170590322+0.03043761755980231j)
(7158.014014014014+0j),(-0.0024925866725707046-0.0008402018672854425j),(5+0j),(4.489859476424652+1.5134094789748453j),(0.01020281047150696-0.03026818957949691j),(0.010202810471506962-0.030268189579496913j),(0.010202810471506965-0.030268189579496906j),(-0.01020281047150696+0.030268189579496903j)
(7208.063063063062+0j),(-0.002461552947547433-0.0008239733885820904j),(5+0j),(4.496214805337787+1.5050169678240521j),(0.010075703893244256-0.030100339356481046j),(0.010075703893244256-0.030100339356481046j),(0.010075703893244263-0.030100339356481043j),(-0.010075703893244262+0.030100339356481043j)
(7258.112112112111+0j),(-0.002431074130383167-0.0008081534727828699j),(5.000000000000001+0j),(4.502456390379506+1.4967025927893578j),(0.009950872192409888-0.029934051855787163j),(0.009950872192409888-0.02993405185578716j),(0.009950872192409897-0.029934051855787156j),(-0.009950872192409903+0.029934051855787153j)
(7308.161161161161+0j),(-0.0024011376027734664-0.000792729547653542j),(5+2.220446049250313e-16j),(4.508586821650655+1.4884655990503408j),(0.009828263566986892-0.029769311981006814j),(0.00982826356698689-0.029769311981006814j),(0.009828263566986895-0.029769311981006814j),(-0.009828263566986888+0.02976931198100681j)
(7358.21021021021+0j),(-0.0023717310861117807-0.0007776894949754004j),(5+2.220446049250313e-16j),(4.514608619372499+1.4803052295329948j),(0.009707827612550013-0.029606104590659894j),(0.009707827612550013-0.029606104590659894j),(0.00970782761255002-0.029606104590659894j),(-0.009707827612550016+0.029606104590659894j)
(7408.259259259259+0j),(-0.0023428426312279015-0.0007630216318378108j),(5+0j),(4.5205242360051265+1.4722207256720832j),(0.009589515279897482-0.029444414513441666j),(0.00958951527989748-0.02944441451344166j),(0.00958951527989747-0.029444414513441663j),(-0.009589515279897468+0.02944441451344166j)
(7458.3083083083075+0j),(-0.002314460608456206-0.0007487146927922771j),(5+0j),(4.526336058297341+1.4642113281207503j),(0.009473278834053168-0.029284226562415003j),(0.009473278834053168-0.029284226562415007j),(0.009473278834053182-0.029284226562415007j),(-0.00947327883405317+0.029284226562415003j)
(7508.357357357357+0j),(-0.0022865736980232803-0.0007347578128243898j),(4.999999999999999-2.220446049250313e-16j),(4.532046409270237+1.4562762774105562j),(0.009359071814595244-0.029125525548211136j),(0.009359071814595244-0.029125525548211136j),(0.00935907181459525-0.02912552554821113j),(-0.00935907181459526+0.029125525548211136j)
(7558.406406406406+0j),(-0.0022591708807447428-0.0007211405111024097j),(5+0j),(4.537657550136573+1.448414814564909j),(0.00924684899726854-0.02896829629129818j),(0.00924684899726854-0.02896829629129818j),(0.00924684899726854-0.02896829629129818j),(-0.00924684899726854+0.028968296291298178j)
(7608.455455455455+0j),(-0.002232241429021385-0.0007078526754635036j),(5+0j),(4.543171682158049+1.4406261816686874j),(0.009136566356839015-0.028812523633373745j),(0.009136566356839015-0.02881252363337374j),(0.009136566356839015-0.02881252363337375j),(-0.00913656635683902+0.028812523633373752j)
(7658.504504504504+0j),(-0.00220577489812499-0.0006948845476007748j),(5+2.220446049250313e-16j),(4.548590948442503+1.432909622396714j),(0.00902818103114995-0.028658192447934272j),(0.00902818103114995-0.028658192447934272j),(0.009028181031149938-0.028658192447934275j),(-0.009028181031149938+0.028658192447934275j)
(7708.553553553553+0j),(-0.0021797611177644693-0.0006822267089162359j),(5+0j),(4.553917435682974+1.4252643825035363j),(0.008921651286340499-0.028505287650070734j),(0.008921651286340499-0.028505287650070734j),(0.008921651286340513-0.028505287650070727j),(-0.008921651286340518+0.028505287650070727j)
(7758.602602602602+0j),(-0.0021541901839232016-0.0006698700670067487j),(5-2.220446049250313e-16j),(4.559153175840577+1.4176897102768748j),(0.008816936483188476-0.028353794205537502j),(0.008816936483188476-0.028353794205537502j),(0.00881693648318846-0.028353794205537502j),(-0.008816936483188457+0.028353794205537502j)
(7808.651651651651+0j),(-0.002129052450958722-0.000657805842751734j),(5+2.220446049250313e-16j),(4.564300147772988+1.41018485695691j),(0.008713997044540246-0.028203697139138194j),(0.008713997044540246-0.028203697139138197j),(0.008713997044540242-0.028203697139138197j),(-0.00871399704454025+0.028203697139138197j)
(7858.7007007007005+0j),(-0.002104338523956199-0.0006460255579731395j),(5+2.220446049250313e-16j),(4.569360278810403+1.4027490771235154j),(0.008612794423791939-0.028054981542470308j),(0.008612794423791937-0.028054981542470304j),(0.008612794423791943-0.028054981542470304j),(-0.008612794423791937+0.028054981542470304j)
(7908.749749749749+0j),(-0.002080039251327329-0.0006345210236397075j),(5+0j),(4.574335446280651+1.3953816290533552j),(0.008513291074386994-0.02790763258106711j),(0.008513291074386994-0.027907632581067106j),(0.008513291074386977-0.027907632581067102j),(-0.008513291074386982+0.027907632581067106j)
(7958.798798798798+0j),(-0.0020561457176465872-0.0006232843285890856j),(5+0j),(4.5792274789851835+1.3880817750486993j),(0.008415450420296343-0.02776163550097399j),(0.008415450420296343-0.027761635500973988j),(0.00841545042029633-0.027761635500973988j),(-0.00841545042029634+0.027761635500973984j)
(8008.847847847847+0j),(-0.0020326492367169877-0.0006123078287427159j),(5+0j),(4.584038158627579+1.3808487817396724j),(0.00831923682744841-0.027616975634793452j),(0.008319236827448413-0.027616975634793452j),(0.008319236827448418-0.02761697563479345j),(-0.008319236827448416+0.027616975634793452j)
(8058.896896896897+0j),(-0.0020095413448577557-0.0006015841367897665j),(5.000000000000001+2.220446049250313e-16j),(4.588769221196133+1.3736819203615782j),(0.008224615576077376-0.02747363840723156j),(0.008224615576077376-0.02747363840723156j),(0.008224615576077366-0.02747363840723156j),(-0.008224615576077362+0.027473638407231563j)
(8108.945945945946+0j),(-0.0019868137944065406-0.0005911061123176j),(5+2.220446049250313e-16j),(4.59342235830206+1.3665804670088069j),(0.008131552833958788-0.027331609340176134j),(0.008131552833958788-0.02733160934017613j),(0.008131552833958793-0.027331609340176134j),(-0.008131552833958793+0.027331609340176137j)
(8158.994994994994+0j),(-0.001964458547429072-0.0005808668523674737j),(5+0j),(4.597999218474844+1.3595437028668023j),(0.008040015630503116-0.02719087405733605j),(0.008040015630503118-0.027190874057336053j),(0.008040015630503116-0.027190874057336046j),(-0.008040015630503116+0.027190874057336046j)
(8209.044044044043+0j),(-0.0019424677696293095-0.0005708596823952412j),(5+4.440892098500626e-16j),(4.6025014084160905+1.35257091442341j),(0.007949971831678188-0.02705141828846818j),(0.007949971831678188-0.027051418288468184j),(0.007949971831678192-0.02705141828846819j),(-0.007949971831678183+0.027051418288468188j)
(8259.093093093092+0j),(-0.0019208338244534496-0.0005610781476179022j),(5.000000000000001+0j),(4.6069304942133575+1.3456613936609019j),(0.00786139011573285-0.026913227873218048j),(0.007861390115732848-0.02691322787321804j),(0.007861390115732867-0.026913227873218037j),(-0.007861390115732876+0.026913227873218037j)
(8309.142142142142+0j),(-0.0018995492673812863-0.0005515160047278209j),(5.000000000000001-2.220446049250313e-16j),(4.611288002515251+1.3388144382298934j),(0.007774239949694997-0.026776288764597873j),(0.007774239949694998-0.026776288764597873j),(0.007774239949694994-0.026776288764597873j),(-0.007774239949695003+0.026776288764597873j)
(8359.19119119119+0j),(-0.001878606840398707-0.0005421672139573672j),(5+0j),(4.615575421669109+1.3320293516062516j),(0.007688491566617812-0.02664058703212503j),(0.007688491566617814-0.026640587032125032j),(0.0076884915666178165-0.026640587032125032j),(-0.007688491566617811+0.026640587032125032j)
(8409.24024024024+0j),(-0.0018579994666452395-0.000533025931477619j),(5+0j),(4.61979420282254+1.3253054432320983j),(0.007604115943549189-0.026506108864641963j),(0.007604115943549189-0.026506108864641963j),(0.007604115943549204-0.026506108864641966j),(-0.007604115943549202+0.02650610886464197j)
(8459.289289289289+0j),(-0.0018377202452308221-0.0005240865021155977j),(5.000000000000001+0j),(4.623945760990003+1.3186420286418867j),(0.0075210847801999445-0.026372840572837737j),(0.007521084780199945-0.026372840572837737j),(0.00752108478019995-0.026372840572837734j),(-0.007521084780199948+0.026372840572837734j)
(8509.338338338337+0j),(-0.0018177624462161288-0.0005153434523752949j),(5+0j),(4.62803147608563+1.3120384295745102j),(0.007439370478287404-0.0262407685914902j),(0.007439370478287405-0.0262407685914902j),(0.007439370478287409-0.026240768591490205j),(-0.007439370478287394+0.02624076859149021j)
(8559.387387387387+0j),(-0.0017981195057509838-0.0005067914837484864j),(5.000000000000001-2.220446049250313e-16j),(4.6320526939234234+1.3054939740723228j),(0.007358946121531542-0.026109879481446465j),(0.007358946121531539-0.02610987948144646j),(0.007358946121531549-0.02610987948144646j),(-0.007358946121531537+0.02610987948144646j)
(8609.436436436436+0j),(-0.0017787850213655874-0.0004984254663020513j),(5+0j),(4.636010727185907+1.2990079965679269j),(0.007279785456281875-0.025980159931358538j),(0.0072797854562818756-0.025980159931358535j),(0.007279785456281864-0.025980159931358538j),(-0.007279785456281874+0.025980159931358538j)
(8659.485485485486+0j),(-0.001759752747409426-0.0004902404325291525j),(5+0j),(4.63990685636231+1.2925798379594924j),(0.007201862872753815-0.025851596759189847j),(0.007201862872753814-0.025851596759189844j),(0.007201862872753804-0.025851596759189847j),(-0.0072018628727538+0.025851596759189844j)
(8709.534534534534+0j),(-0.0017410165906329585-0.0004822315714522919j),(5+2.220446049250313e-16j),(4.6437423306572985+1.2862088456753762j),(0.0071251533868540405-0.02572417691350752j),(0.007125153386854043-0.02572417691350752j),(0.007125153386854031-0.02572417691350752j),(-0.00712515338685403+0.025724176913507518j)
(8759.583583583582+0j),(-0.0017225706059072782-0.0004743942229668271j),(5+2.220446049250313e-16j),(4.647518368871242+1.279894373728722j),(0.007049632622575163-0.025597887474574435j),(0.007049632622575164-0.02559788747457444j),(0.007049632622575164-0.02559788747457444j),(-0.007049632622575174+0.025597887474574442j)
(8809.632632632633+0j),(-0.0017044089920771732-0.0004667238724141127j),(5+0j),(4.651236160252976+1.2736357827627058j),(0.006975276794940477-0.02547271565525412j),(0.006975276794940477-0.02547271565525412j),(0.006975276794940477-0.02547271565525412j),(-0.006975276794940477+0.02547271565525412j)
(8859.68168168168+0j),(-0.0016865260879431166-0.0004592161453739628j),(4.999999999999999+0j),(4.6548968653259735+1.267432440087051j),(0.00690206269348052-0.02534864880174102j),(0.006902062693480519-0.02534864880174102j),(0.006902062693480513-0.02534864880174102j),(-0.006902062693480513+0.025348648801741022j)
(8909.730730730731+0j),(-0.001668916368367892-0.00045186680266662326j),(5-2.220446049250313e-16j),(4.6585016166888265+1.2612837197063838j),(0.006829967666223461-0.025225674394127685j),(0.00682996766622346-0.025225674394127682j),(0.0068299676662234715-0.02522567439412768j),(-0.006829967666223472+0.025225674394127682j)
(8959.77977977978+0j),(-0.0016515744405037104-0.00044467173555494307j),(5+0j),(4.662051519790885+1.2551890023409973j),(0.006758969604182306-0.025103780046819946j),(0.006758969604182305-0.02510378004681995j),(0.0067589696041823015-0.025103780046819946j),(-0.006758969604182315+0.025103780046819946j)
(9009.828828828828+0j),(-0.0016344950401357976-0.0004376269611378617j),(5+0j),(4.665547653683894+1.2491476754405169j),(0.006689046926322143-0.02498295350881033j),(0.006689046926322143-0.02498295350881033j),(0.006689046926322125-0.024982953508810336j),(-0.006689046926322118+0.024982953508810336j)
(9059.877877877878+0j),(-0.001617673028138593-0.0004307286179267824j),(4.999999999999999+2.220446049250313e-16j),(4.668991071750421+1.2431591331909748j),(0.006620178564991563-0.024863182663819493j),(0.006620178564991563-0.024863182663819493j),(0.006620178564991566-0.024863182663819493j),(-0.006620178564991572+0.024863182663819497j)
(9109.926926926926+0j),(-0.0016011033870408154-0.0004239729615967921j),(5+0j),(4.6723828024098655+1.2372227765157435j),(0.006552343951802708-0.02474445553031487j),(0.006552343951802707-0.024744455530314877j),(0.006552343951802691-0.02474445553031487j),(-0.006552343951802698+0.02474445553031487j)
(9159.975975975975+0j),(-0.0015847812176957765-0.0004173563609050762j),(5+2.220446049250313e-16j),(4.675723849802752+1.2313380130707463j),(0.006485523003944967-0.024626760261414922j),(0.0064855230039449685-0.02462676026141493j),(0.0064855230039449555-0.024626760261414922j),(-0.006485523003944959+0.024626760261414922j)
(9210.025025025025+0j),(-0.0015687017360534786-0.00041087529376925436j),(5+2.220446049250313e-16j),(4.679015194454098+1.2255042572343728j),(0.0064196961109180386-0.024510085144687447j),(0.006419696110918039-0.024510085144687443j),(0.006419696110918043-0.024510085144687454j),(-0.006419696110918031+0.02451008514468745j)
(9260.074074074073+0j),(-0.0015528602700311167-0.00040452634349869536j),(5+0j),(4.682257793916484+1.2197209300924647j),(0.006354844121670335-0.024394418601849294j),(0.006354844121670335-0.024394418601849297j),(0.006354844121670329-0.024394418601849294j),(-0.006354844121670318+0.024394418601849294j)
(9310.123123123123+0j),(-0.0015372522564787263-0.0003983061951722023j),(5-2.220446049250313e-16j),(4.685452583393534+1.2139874594187332j),(0.006290948332129323-0.02427974918837467j),(0.006290948332129324-0.024279749188374673j),(0.006290948332129318-0.02427974918837467j),(-0.006290948332129329+0.02427974918837467j)
(9360.172172172171+0j),(-0.001521873238236873-0.00039221163215578134j),(5+0j),(4.688600476344456+1.2083032796509499j),(0.006227990473110881-0.024166065593019j),(0.006227990473110881-0.024166065593019002j),(0.006227990473110872-0.024166065593019j),(-0.006227990473110876+0.024166065593019j)
(9410.22122122122+0j),(-0.0015067188612833116-0.00038623953275448167j),(5+0j),(4.691702365070248+1.2026678318632182j),(0.006165952698595051-0.024053356637264364j),(0.006165952698595052-0.024053356637264364j),(0.006165952698595038-0.024053356637264364j),(-0.006165952698595038+0.024053356637264364j)
(9460.27027027027+0j),(-0.0014917848719657267-0.0003803868669926028j),(5+0j),(4.694759121282187+1.197080563734637j),(0.0061048175743562425-0.02394161127469274j),(0.0061048175743562425-0.023941611274692735j),(0.006104817574356254-0.02394161127469274j),(-0.006104817574356242+0.02394161127469274j)
(9510.319319319318+0j),(-0.0014770671143177175-0.0003746506935168098j),(5+0j),(4.697771596653192+1.191540929514629j),(0.006044568066936146-0.023830818590292575j),(0.006044568066936146-0.02383081859029258j),(0.006044568066936158-0.023830818590292582j),(-0.006044568066936143+0.023830818590292575j)
(9560.368368368368+0j),(-0.001462561527455293-0.00036902815661695734j),(5+0j),(4.700740623352596+1.1860483899851932j),(0.005985187532948078-0.02372096779970386j),(0.0059851875329480775-0.023720967799703865j),(0.005985187532948082-0.023720967799703865j),(-0.0059851875329480775+0.023720967799703868j)
(9610.417417417417+0j),(-0.0014482641430512645-0.00036351648335967085j),(5+0j),(4.7036670145649015+1.1806024124203385j),(0.005926659708701961-0.02361204824840676j),(0.005926659708701961-0.023612048248406764j),(0.005926659708701969-0.02361204824840677j),(-0.00592665970870196+0.023612048248406774j)
(9660.466466466465+0j),(-0.0014341710828849755-0.0003581129808299486j),(5+2.220446049250313e-16j),(4.706551564993031+1.1752024705429231j),(0.00586896870013938-0.02350404941085846j),(0.00586896870013938-0.023504049410858464j),(0.005868968700139377-0.023504049410858457j),(-0.005868968700139376+0.023504049410858457j)
(9710.515515515515+0j),(-0.0014202785564649337-0.0003528150334762815j),(5+0j),(4.709395051346567+1.1698480444791282j),(0.005812098973068689-0.023396960889582562j),(0.005812098973068688-0.023396960889582562j),(0.005812098973068665-0.023396960889582565j),(-0.005812098973068669+0.023396960889582562j)
(9760.564564564564+0j),(-0.0014065828587219637-0.0003476201005549752j),(4.999999999999999+0j),(4.712198232815487+1.164538620710755j),(0.005756035343690253-0.023290772414215104j),(0.005756035343690251-0.0232907724142151j),(0.005756035343690247-0.0232907724142151j),(-0.005756035343690239+0.023290772414215104j)
(9810.613613613614+0j),(-0.0013930803677705973-0.0003425257136695708j),(5.000000000000001-2.220446049250313e-16j),(4.714961851529876+1.159273692025558j),(0.0057007629694025095-0.023185473840511162j),(0.0057007629694025095-0.023185473840511162j),(0.005700762969402504-0.023185473840511166j),(-0.005700762969402511+0.02318547384051116j)
(9860.662662662662+0j),(-0.0013797675427364988-0.00033752947440144254j),(5+2.220446049250313e-16j),(4.717686633006014+1.1540527574657775j),(0.0056462673398797155-0.02308105514931554j),(0.005646267339879716-0.023081055149315542j),(0.005646267339879714-0.023081055149315546j),(-0.005646267339879715+0.023081055149315542j)
(9910.71171171171+0j),(-0.001366640921647782-0.00033262905202781644j),(5+0j),(4.720373286579377+1.148875322275051j),(0.005592534268412486-0.022977506445501016j),(0.005592534268412487-0.022977506445501023j),(0.005592534268412468-0.02297750644550102j),(-0.0055925342684124725+0.022977506445501016j)
(9960.76076076076+0j),(-0.0013536971193881704-0.0003278221813236467j),(5+0j),(4.72302250582486+1.1437408978438652j),(0.005539549883502818-0.0228748179568773j),(0.005539549883502817-0.022874817956877302j),(0.005539549883502808-0.022874817956877305j),(-0.005539549883502807+0.022874817956877302j)
(10010.809809809809+0j),(-0.0013409328257100123-0.00032310666044392045j),(5+0j),(4.725634968964739+1.1386490016536868j),(0.005487300620705207-0.02277298003307374j),(0.0054873006207052065-0.022772980033073736j),(0.00548730062070522-0.022772980033073736j),(-0.005487300620705213+0.022772980033073736j)
(10060.85885885886+0j),(-0.0013283448033052164-0.0003184803488831317j),(5+0j),(4.728211339264696+1.1335991572199242j),(0.005435773214706081-0.02267198314439849j),(0.005435773214706079-0.022671983144398482j),(0.005435773214706075-0.022671983144398486j),(-0.00543577321470607+0.022671983144398486j)
(10110.907907907907+0j),(-0.0013159298859322778-0.00031394116550880526j),(5-2.220446049250313e-16j),(4.730752265418308+1.1285908940338436j),(0.00538495469163383-0.02257181788067688j),(0.00538495469163383-0.02257181788067688j),(0.005384954691633847-0.022571817880676876j),(-0.005384954691633852+0.022571817880676876j)
(10160.956956956956+0j),(-0.0013036849765975804-0.000309487086666087j),(5+0j),(4.733258381920395+1.1236237475035684j),(0.005334832361592096-0.022472474950071368j),(0.005334832361592096-0.022472474950071368j),(0.0053348323615920994-0.022472474950071368j),(-0.005334832361592097+0.022472474950071365j)
(10211.006006006006+0j),(-0.0012916070457892619-0.0003051161443505517j),(5+2.220446049250313e-16j),(4.735730309429543+1.1186972588942692j),(0.005285393811409139-0.02237394517788538j),(0.005285393811409139-0.022373945177885376j),(0.005285393811409147-0.02237394517788538j),(-0.005285393811409139+0.022373945177885383j)
(10261.055055055054+0j),(-0.0012796931297619646-0.0003008264244465048j),(5+0j),(4.738168655120177+1.1138109752676644j),(0.005236626897596474-0.02227621950535329j),(0.005236626897596474-0.02227621950535329j),(0.005236626897596466-0.022276219505353287j),(-0.005236626897596464+0.022276219505353294j)
(10311.104104104103+0j),(-0.0012679403288708548-0.0002966160650281706j),(5.000000000000001+0j),(4.740574013024498+1.10896444942092j),(0.0051885197395100556-0.022179288988418405j),(0.0051885197395100556-0.022179288988418405j),(0.0051885197395100495-0.0221792889884184j),(-0.005188519739510039+0.0221792889884184j)
(10361.153153153153+0j),(-0.0012563458059533662-0.0002924832547212772j),(5+0j),(4.742946964364619+1.1041572398250508j),(0.005141060712707629-0.022083144796501017j),(0.005141060712707629-0.02208314479650102j),(0.005141060712707617-0.022083144796501017j),(-0.005141060712707621+0.022083144796501017j)
(10411.202202202201+0j),(-0.0012449067847571452-0.00028842623112265334j),(5+0j),(4.745288077875198+1.0993889105629093j),(0.005094238442496043-0.02198777821125819j),(0.005094238442496043-0.021987778211258188j),(0.0050942384424960355-0.021987778211258188j),(-0.005094238442496027+0.021987778211258188j)
(10461.251251251251+0j),(-0.0012336205484127487-0.0002844432792755566j),(5+0j),(4.747597910116874+1.0946590312668427j),(0.005048041797662504-0.021893180625336857j),(0.005048041797662504-0.021893180625336853j),(0.005048041797662517-0.021893180625336853j),(-0.0050480417976625155+0.021893180625336853j)
(10511.3003003003+0j),(-0.0012224844379497028-0.00028053273019855354j),(5+0j),(4.749877005780798+1.0899671770561015j),(0.005002459884384046-0.021799343541122024j),(0.005002459884384045-0.021799343541122024j),(0.005002459884384045-0.02179934354112203j),(-0.005002459884384038+0.021799343541122024j)
(10561.349349349348+0j),(-0.0012114958508545378-0.00027669295946585696j),(5.000000000000001+0j),(4.7521258979845244+1.0853129284740584j),(0.0049574820403095144-0.021706258569481177j),(0.0049574820403095144-0.021706258569481173j),(0.004957482040309529-0.021706258569481166j),(-0.004957482040309527+0.02170625856948117j)
(10611.398398398398+0j),(-0.0012006522396695147-0.00027292238583713084j),(5+2.220446049250313e-16j),(4.7543451085595585+1.0806958714253276j),(0.0049130978288088305-0.021613917428506553j),(0.004913097828808829-0.02161391742850655j),(0.0049130978288088305-0.02161391742850655j),(-0.004913097828808839+0.021613917428506546j)
(10661.447447447446+0j),(-0.00118995111063076-0.00026921946993483845j),(5+0j),(4.756535148330795+1.0761155971128165j),(0.004869297033384113-0.021522311942256324j),(0.004869297033384112-0.02152231194225632j),(0.0048692970333840966-0.02152231194225633j),(-0.004869297033384106+0.021522311942256327j)
(10711.496496496497+0j),(-0.0011793900223445843-0.0002655827129673086j),(4.999999999999999+2.220446049250313e-16j),(4.758696517388111+1.0715717019747935j),(0.0048260696522377826-0.021431434039495868j),(0.0048260696522377826-0.021431434039495864j),(0.00482606965223777-0.021431434039495864j),(-0.004826069652237776+0.02143143403949586j)
(10761.545545545545+0j),(-0.0011689665845008104-0.0002620106554957629j),(5.000000000000001+0j),(4.760829705350365+1.0670637876220195j),(0.00478340589299271-0.021341275752440395j),(0.00478340589299271-0.02134127575244039j),(0.004783405892992718-0.02134127575244039j),(-0.004783405892992716+0.021341275752440388j)
(10811.594594594593+0j),(-0.001158678456621952-0.00025850187624361853j),(5+0j),(4.7629351916220175+1.06259146077498j),(0.004741296167559653-0.0212518292154996j),(0.004741296167559652-0.021251829215499597j),(0.00474129616755965-0.0212518292154996j),(-0.004741296167559642+0.021251829215499604j)
(10861.643643643643+0j),(-0.0011485233468471563-0.0002550549909464634j),(4.999999999999999+0j),(4.765013445642623+1.0581543332012848j),(0.0046997310871475205-0.0211630866640257j),(0.0046997310871475205-0.0211630866640257j),(0.004699731087147523-0.021163086664025697j),(-0.004699731087147526+0.021163086664025697j)
(10911.692692692692+0j),(-0.0011384990107498219-0.00025166865124115386j),(5+0j),(4.767064927129399+1.0537520216532663j),(0.004658701457412017-0.02107504043306533j),(0.004658701457412017-0.02107504043306533j),(0.004658701457412011-0.021075040433065326j),(-0.004658701457412023+0.021075040433065323j)
(10961.741741741742+0j),(-0.0011286032501878656-0.00024834154359255667j),(5.000000000000001+0j),(4.769090086313082+1.049384147805813j),(0.004618198273738361-0.02098768295611626j),(0.004618198273738361-0.020987682956116263j),(0.004618198273738372-0.02098768295611626j),(-0.004618198273738366+0.02098768295611626j)
(11011.79079079079+0j),(-0.0011188339121856517-0.00024507238825652246j),(5+0j),(4.7710893641672945+1.0450503381944916j),(0.004578212716654103-0.020901006763889833j),(0.004578212716654104-0.020901006763889833j),(0.004578212716654111-0.020901006763889833j),(-0.004578212716654113+0.020901006763889833j)
(11061.839839839839+0j),(-0.0011091888878465971-0.00024185993827772527j),(5-2.220446049250313e-16j),(4.773063192631603+1.040750224153975j),(0.004538736147367931-0.020815004483079505j),(0.00453873614736793-0.0208150044830795j),(0.004538736147367946-0.020815004483079505j),(-0.004538736147367931+0.020815004483079505j)
(11111.888888888889+0j),(-0.0010996661112955288-0.0002387029785210677j),(5+0j),(4.775011994828466+1.0364834417568165j),(0.0044997601034306904-0.020729668835136328j),(0.00449976010343069-0.02072966883513633j),(0.004499760103430681-0.02072966883513633j),(-0.004499760103430679+0.020729668835136328j)
(11161.937937937937+0j),(-0.0010902635586498971-0.00023560032473540337j),(4.999999999999999+0j),(4.776936185274254+1.0322496317525958j),(0.004461276294514903-0.020644992635051925j),(0.004461276294514904-0.02064499263505193j),(0.0044612762945149065-0.020644992635051915j),(-0.004461276294514919+0.020644992635051915j)
(11211.986986986987+0j),(-0.0010809792470189556-0.00023255082264837546j),(4.999999999999999-2.220446049250313e-16j),(4.778836170084539+1.0280484395074718j),(0.004423276598309181-0.02056096879014944j),(0.00442327659830918-0.020560968790149434j),(0.004423276598309194-0.02056096879014944j),(-0.004423276598309184+0.020560968790149445j)
(11262.036036036036+0j),(-0.0010718112335300772-0.00022955334709122188j),(5+0j),(4.7807123471737984+1.023879514944149j),(0.004385753056524028-0.020477590298882988j),(0.0043857530565240286-0.020477590298882985j),(0.004385753056524031-0.02047759029888298j),(-0.004385753056524027+0.020477590298882985j)
(11312.085085085084+0j),(-0.0010627576143813818-0.00022660680115244632j),(5-2.220446049250313e-16j),(4.782565106449713+1.0197425124823019j),(0.004348697871005745-0.02039485024964604j),(0.004348697871005745-0.02039485024964604j),(0.00434869787100574-0.020394850249646043j),(-0.0043486978710057305+0.02039485024964604j)
(11362.134134134134+0j),(-0.0010538165239198896-0.00022371011535929323j),(5-2.220446049250313e-16j),(4.7843948300022445+1.0156370909794603j),(0.004312103399955121-0.020312741819589215j),(0.0043121033999551205-0.020312741819589215j),(0.004312103399955109-0.02031274181958921j),(-0.004312103399955122+0.02031274181958921j)
(11412.183183183182+0j),(-0.0010449861337444325-0.00022086224688601418j),(5+0j),(4.786201892287609+1.0115629136723874j),(0.004275962154247809-0.020231258273447746j),(0.004275962154247809-0.02023125827344775j),(0.0042759621542478145-0.02023125827344775j),(-0.00427596215424781+0.02023125827344775j)
(11462.23223223223+0j),(-0.001036264651832588-0.00021806217878794654j),(5+0j),(4.787986660307334+1.0075196481189526j),(0.004240266793853308-0.02015039296237906j),(0.004240266793853307-0.020150392962379058j),(0.004240266793853316-0.02015039296237905j),(-0.004240266793853319+0.02015039296237905j)
(11512.28128128128+0j),(-0.0010276503216909106-0.00021530891926047164j),(5+2.220446049250313e-16j),(4.789749493782518+1.0035069661405327j),(0.00420501012434965-0.020070139322810644j),(0.00420501012434965-0.020070139322810647j),(0.004205010124349649-0.02007013932281065j),(-0.004205010124349647+0.02007013932281065j)
(11562.33033033033+0j),(-0.0010191414215277913-0.00021260150092195274j),(5+0j),(4.791490745323453+0.9995245437649365j),(0.004170185093530923-0.01999049087529873j),(0.0041701850935309225-0.01999049087529873j),(0.004170185093530936-0.01999049087529873j),(-0.004170185093530925+0.01999049087529873j)
(11612.37937937938+0j),(-0.0010107362634482425-0.00020993898011978815j),(5.000000000000001+0j),(4.793210760594757+0.9955720611698852j),(0.004135784788104893-0.019911441223397705j),(0.004135784788104893-0.019911441223397705j),(0.004135784788104875-0.019911441223397705j),(-0.004135784788104873+0.0199114412233977j)
(11662.428428428428+0j),(-0.0010024331926699894-0.0002073204362587514j),(5-2.220446049250313e-16j),(4.7949098784760995+0.9916492026270352j),(0.004101802430478015-0.01983298405254071j),(0.004101802430478015-0.01983298405254071j),(0.00410180243047801-0.01983298405254071j),(-0.0041018024304780186+0.01983298405254071j)
(11712.477477477476+0j),(-0.00099423058676023-0.0002047449711508239j),(5.000000000000001+0j),(4.7965884312187335+0.9877556564465825j),(0.004068231375625353-0.019755113128931648j),(0.004068231375625353-0.019755113128931648j),(0.004068231375625349-0.01975511312893165j),(-0.004068231375625349+0.019755113128931648j)
(11762.526526526526+0j),(-0.000986126854892447-0.00020221170838574985j),(5.000000000000001+0j),(4.798246744597863+0.9838911149224242j),(0.004035065108042772-0.01967782229844848j),(0.004035065108042772-0.019677822298448482j),(0.0040350651080427544-0.019677822298448486j),(-0.004035065108042754+0.019677822298448486j)
(11812.575575575574+0j),(-0.0009781204371227038-0.00019971979272158532j),(5-1.1102230246251565e-16j),(4.799885138061043+0.9800552742779183j),(0.004002297238779142-0.01960110548555836j),(0.0040022972387791424-0.019601105485558365j),(0.0040022972387791355-0.01960110548555837j),(-0.004002297238779127+0.01960110548555837j)
(11862.624624624625+0j),(-0.0009702098036848395-0.00019726838949452814j),(5+2.220446049250313e-16j),(4.801503924872695+0.9762478346122203j),(0.0039699215025460885-0.019524956692244407j),(0.0039699215025460885-0.019524956692244407j),(0.003969921502546096-0.019524956692244404j),(-0.003969921502546097+0.019524956692244404j)
(11912.673673673673+0j),(-0.000962393454304018-0.00019485668404735422j),(5+0j),(4.803103412254845+0.9724684998472195j),(0.003937931754903107-0.019449369996944393j),(0.003937931754903107-0.019449369996944396j),(0.003937931754903108-0.01944936999694439j),(-0.0039379317549031135+0.01944936999694439j)
(11962.722722722721+0j),(-0.0009546699175281015-0.00019248388117580511j),(5+1.1102230246251565e-16j),(4.80468390152421+0.9687169776750716j),(0.0039063219695158104-0.019374339553501426j),(0.003906321969515811-0.019374339553501426j),(0.003906321969515804-0.01937433955350143j),(-0.003906321969515802+0.01937433955350143j)
(12012.771771771771+0j),(-0.0009470377500763277-0.00019014920459230005j),(5+0j),(4.806245688225739+0.964992979506331j),(0.0038750862354852006-0.019299859590126624j),(0.0038750862354852006-0.01929985959012662j),(0.0038750862354852166-0.01929985959012662j),(-0.003875086235485218+0.01929985959012662j)
(12062.82082082082+0j),(-0.0009394955362047936-0.00018785189640636968j),(5+1.1102230246251565e-16j),(4.807789062262703+0.9612962204186981j),(0.0038442187547459384-0.019225924408373958j),(0.003844218754745939-0.01922592440837396j),(0.0038442187547459384-0.01922592440837396j),(-0.0038442187547459324+0.019225924408373958j)
(12112.86986986987+0j),(-0.0009320418870882565-0.00018559121662122804j),(5.000000000000001-1.1102230246251565e-16j),(4.809314308023423+0.957626419106358j),(0.003813713839531545-0.019152528382127165j),(0.003813713839531545-0.019152528382127165j),(0.0038137138395315517-0.019152528382127162j),(-0.0038137138395315587+0.019152528382127162j)
(12162.918918918918+0j),(-0.0009246754402177945-0.00018336644264592942j),(5-1.1102230246251565e-16j),(4.8108217045047645+0.9539832978299434j),(0.003783565909904712-0.019079665956598876j),(0.003783565909904712-0.019079665956598872j),(0.0037835659099047093-0.019079665956598872j),(-0.0037835659099047167+0.019079665956598872j)
(12212.967967967967+0j),(-0.000917394858813862-0.00018117686882256862j),(5+0j),(4.812311525432461+0.950366582367098j),(0.003753769491350781-0.019007331647341964j),(0.0037537694913507814-0.01900733164734196j),(0.0037537694913507736-0.01900733164734196j),(-0.00375376949135078+0.01900733164734196j)
(12263.017017017017+0j),(-0.0009101988312543033-0.00017902180596800988j),(5+0j),(4.813784039378372+0.9467760019636512j),(0.003724319212432597-0.01893552003927302j),(0.003724319212432597-0.018935520039273023j),(0.0037243192124325653-0.018935520039273023j),(-0.003724319212432565+0.018935520039273023j)
(12313.066066066065+0j),(-0.0009030860705169059-0.00017690058092964875j),(5+0j),(4.815239509874749+0.9432112892854052j),(0.0036952098025050347-0.018864225785708105j),(0.0036952098025050347-0.018864225785708108j),(0.003695209802505026-0.018864225785708105j),(-0.003695209802505022+0.018864225785708105j)
(12363.115115115113+0j),(-0.0008960553136360649-0.00017481253615472448j),(5+0j),(4.816678195525629+0.9396721803705294j),(0.0036664360894874217-0.018793443607410587j),(0.0036664360894874217-0.018793443607410587j),(0.0036664360894874196-0.018793443607410587j),(-0.0036664360894874196+0.01879344360741059j)
(12413.164164164164+0j),(-0.000889105321173177-0.00017275702927272704j),(5+0j),(4.818100350115385+0.9361584145825607j),(0.0036379929976923025-0.018723168291651215j),(0.0036379929976923025-0.018723168291651212j),(0.003637992997692301-0.018723168291651212j),(-0.0036379929976923004+0.018723168291651215j)
(12463.213213213212+0j),(-0.0008822348767003649-0.00017073343269045235j),(5.000000000000001-1.1102230246251565e-16j),(4.819506222714557+0.9326697345640117j),(0.00360987554570888-0.01865339469128024j),(0.00360987554570888-0.01865339469128024j),(0.003609875545708885-0.018653394691280238j),(-0.0036098755457088932+0.018653394691280238j)
(12513.262262262262+0j),(-0.0008754427862971574-0.00016874113319927973j),(5+0j),(4.820896057783019+0.9292058861905821j),(0.0035820788443396393-0.01858411772381164j),(0.0035820788443396393-0.01858411772381164j),(0.0035820788443396267-0.018584117723811643j),(-0.0035820788443396284+0.01858411772381164j)
(12563.31131131131+0j),(-0.0008687278780597687-0.00016677953159426124j),(5+0j),(4.822270095270568+0.9257666185259682j),(0.0035545980945886346-0.01851533237051936j),(0.003554598094588635-0.018515332370519364j),(0.0035545980945886416-0.018515332370519364j),(-0.0035545980945886346+0.018515332370519364j)
(12613.360360360359+0j),(-0.0008620890016226173-0.00016484804230462702j),(5+1.1102230246251565e-16j),(4.823628570714998+0.9223516837772768j),(0.0035274285857000184-0.018447033675545534j),(0.0035274285857000184-0.018447033675545534j),(0.0035274285857000366-0.018447033675545534j),(-0.0035274285857000293+0.018447033675545534j)
(12663.409409409409+0j),(-0.000855525027691742-0.00016294609303532385j),(5-1.1102230246251565e-16j),(4.824971715337732+0.9189608372510257j),(0.003500565693245355-0.01837921674502051j),(0.0035005656932453554-0.018379216745020518j),(0.003500565693245363-0.018379216745020518j),(-0.0035005656932453684+0.018379216745020518j)
(12713.458458458457+0j),(-0.0008490348475897947-0.00016107312441922353j),(4.999999999999999+1.1102230246251565e-16j),(4.826299756137076+0.9155938373097434j),(0.0034740048772584496-0.018311876746194864j),(0.0034740048772584496-0.018311876746194864j),(0.0034740048772584587-0.018311876746194868j),(-0.0034740048772584522+0.018311876746194868j)
(12763.507507507507+0j),(-0.000842617372812273-0.00015922858967964222j),(5+2.220446049250313e-16j),(4.827612915979188+0.9122504453291495j),(0.0034477416804162596-0.018245008906582986j),(0.003447741680416259-0.018245008906582986j),(0.003447741680416243-0.018245008906582986j),(-0.0034477416804162483+0.018245008906582982j)
(12813.556556556556+0j),(-0.0008362715345946931-0.0001574119543028349j),(5+0j),(4.828911413686764+0.9089304256559226j),(0.003421771726264716-0.018178608513118446j),(0.003421771726264717-0.018178608513118446j),(0.0034217717262647264-0.018178608513118453j),(-0.00342177172626473+0.018178608513118453j)
(12863.605605605604+0j),(-0.0008299962834904007-0.00015562269572013356j),(4.999999999999999+0j),(4.830195464125593+0.905633545566047j),(0.003396090717488151-0.018112670911320947j),(0.00339609071748815-0.018112670911320947j),(0.003396090717488125-0.01811267091132094j),(-0.003396090717488129+0.018112670911320943j)
(12913.654654654654+0j),(-0.0008237905889587148-0.0001538603029994129j),(5.000000000000001+0j),(4.8314652782889445+0.9023595752237324j),(0.0033706944342211465-0.01804719150447465j),(0.0033706944342211465-0.01804719150447465j),(0.0033706944342211287-0.01804719150447465j),(-0.0033706944342211387+0.01804719150447465j)
(12963.703703703703+0j),(-0.0008176534389631404-0.0001521242765455799j),(5.000000000000001-1.1102230246251565e-16j),(4.8327210633799185+0.8991082876409016j),(0.0033455787324016416-0.01798216575281803j),(0.003345578732401642-0.01798216575281803j),(0.0033455787324016485-0.017982165752818035j),(-0.003345578732401652+0.017982165752818035j)
(13013.752752752753+0j),(-0.0008115838395793569-0.00015041412780979164j),(5+0j),(4.8339630228917905+0.8958794586372485j),(0.0033207395421641795-0.01791758917274497j),(0.0033207395421641795-0.017917589172744965j),(0.0033207395421641908-0.01791758917274497j),(-0.003320739542164181+0.017917589172744965j)
(13063.801801801801+0j),(-0.0008055808146127274-0.000148729379007119j),(5.000000000000001-1.1102230246251565e-16j),(4.835191356686392+0.8926728668008512j),(0.003296172866272173-0.01785345733601703j),(0.003296172866272173-0.01785345733601703j),(0.003296172866272169-0.017853457336017026j),(-0.0032961728662721755+0.017853457336017026j)
(13113.85085085085+0j),(-0.0007996434052250594-0.0001470695628423814j),(5+0j),(4.836406261070594+0.8894882934493404j),(0.0032718747785881385-0.017789765868986805j),(0.003271874778588139-0.01778976586898681j),(0.0032718747785881242-0.01778976586898681j),(-0.0032718747785881286+0.01778976586898681j)
(13163.8998998999+0j),(-0.0007937706695703779-0.0001454342222438903j),(5+0j),(4.837607928870956+0.8863255225916167j),(0.0032478414225808726-0.017726510451832336j),(0.003247841422580872-0.017726510451832333j),(0.0032478414225808726-0.017726510451832333j),(-0.003247841422580871+0.017726510451832333j)
(13213.948948948948+0j),(-0.0007879616824394579-0.0001438229101048475j),(4.999999999999999+0j),(4.83879654950657+0.8831843408901157j),(0.003224069009868577-0.017663686817802306j),(0.0032240690098685773-0.01766368681780231j),(0.0032240690098685756-0.017663686817802313j),(-0.0032240690098685704+0.017663686817802313j)
(13263.997997997998+0j),(-0.0007822155349128814-0.0001422351890321502j),(5+0j),(4.839972309060153+0.8800645376236037j),(0.0032005538187969253-0.01760129075247207j),(0.0032005538187969253-0.01760129075247207j),(0.003200553818796941-0.017601290752472073j),(-0.003200553818796942+0.017601290752472073j)
(13314.047047047046+0j),(-0.0007765313340223944-0.0001406706311023701j),(5+0j),(4.841135390347441+0.8769659046505128j),(0.0031772921930511796-0.01753931809301026j),(0.0031772921930511796-0.01753931809301026j),(0.00317729219305118-0.017539318093010257j),(-0.003177292193051184+0.017539318093010254j)
(13364.096096096095+0j),(-0.0007709082024203334-0.0001391288176246745j),(4.999999999999999+1.1102230246251565e-16j),(4.8422859729849295+0.8738882363727982j),(0.0031542805403013993-0.017477764727455963j),(0.003154280540301399-0.017477764727455963j),(0.003154280540301393-0.017477764727455963j),(-0.00315428054030141+0.017477764727455963j)
(13414.145145145145+0j),(-0.0007653452780569159-0.0001376093389104723j),(4.999999999999999+2.220446049250313e-16j),(4.843424233456005+0.8708313297003185j),(0.003131515330879893-0.017416626594006366j),(0.003131515330879893-0.017416626594006366j),(0.003131515330879875-0.017416626594006366j),(-0.0031315153308798804+0.017416626594006366j)
(13464.194194194193+0j),(-0.0007598417138651745-0.00013611179404956992j),(5-1.1102230246251565e-16j),(4.844550345175499+0.8677949840157294j),(0.0031089930964900243-0.01735589968031459j),(0.0031089930964900243-0.01735589968031459j),(0.0031089930964900247-0.01735589968031459j),(-0.0031089930964900247+0.01735589968031459j)
(13514.243243243242+0j),(-0.000754396677453336-0.00013463579069263282j),(4.999999999999999+1.1102230246251565e-16j),(4.845664478552722+0.8647790011398889j),(0.0030867104289455482-0.01729558002279778j),(0.0030867104289455474-0.01729558002279778j),(0.0030867104289455404-0.017295580022797775j),(-0.0030867104289455413+0.017295580022797775j)
(13564.292292292292+0j),(-0.0007490093508044525-0.00013318094483975504j),(5-1.1102230246251565e-16j),(4.8467668010530165+0.8617831852977629j),(0.0030646639789396746-0.01723566370595526j),(0.003064663978939674-0.017235663705955258j),(0.0030646639789396702-0.01723566370595526j),(-0.003064663978939678+0.01723566370595526j)
(13614.34134134134+0j),(-0.0007436789299830818-0.0001317468806349446j),(5.000000000000001-1.1102230246251565e-16j),(4.847857477257848+0.8588073430848281j),(0.0030428504548430536-0.017176146861696565j),(0.0030428504548430536-0.017176146861696565j),(0.0030428504548430622-0.017176146861696565j),(-0.0030428504548430523+0.017176146861696565j)
(13664.39039039039+0j),(-0.0007384046248488435-0.00013033323016634055j),(5.000000000000001-1.1102230246251565e-16j),(4.848936668923505+0.8558512834339682j),(0.003021266621529939-0.017117025668679366j),(0.003021266621529939-0.017117025668679366j),(0.0030212666215299147-0.017117025668679366j),(-0.0030212666215299194+0.017117025668679366j)
(13714.439439439439+0j),(-0.0007331856587766599-0.00012893963327198393j),(4.999999999999999+1.1102230246251565e-16j),(4.85000453503841+0.8529148175828525j),(0.0029999092992317807-0.017058296351657048j),(0.0029999092992317802-0.017058296351657048j),(0.0029999092992317776-0.017058296351657048j),(-0.0029999092992317664+0.01705829635165705j)
(13764.488488488487+0j),(-0.0007280212683835128-0.00012756573735096872j),(4.999999999999999+0j),(4.8510612318791235+0.8499977590417939j),(0.0029787753624175043-0.016999955180835878j),(0.0029787753624175043-0.01699995518083588j),(0.0029787753624175117-0.016999955180835878j),(-0.002978775362417526+0.016999955180835878j)
(13814.537537537537+0j),(-0.0007229107032615417-0.00012621119717980923j),(5.000000000000001-2.220446049250313e-16j),(4.8521069130650085+0.8470999235620815j),(0.0029578617386998365-0.01694199847124164j),(0.002957861738699836-0.016941998471241643j),(0.0029578617386998474-0.016941998471241636j),(-0.0029578617386998365+0.016941998471241632j)
(13864.586586586585+0j),(-0.0007178532257173195-0.00012487567473386032j),(5-1.1102230246251565e-16j),(4.853141729611655+0.8442211291047778j),(0.002937165407766921-0.016884422582095552j),(0.002937165407766922-0.016884422582095555j),(0.0029371654077669086-0.01688442258209556j),(-0.002937165407766902+0.01688442258209556j)
(13914.635635635635+0j),(-0.0007128481105171488-0.0001235588390136375j),(5.000000000000001+0j),(4.85416582998307+0.8413611958099749j),(0.0029166834003386288-0.016827223916199497j),(0.002916683400338629-0.0168272239161995j),(0.00291668340033862-0.0168272239161995j),(-0.002916683400338623+0.016827223916199497j)
(13964.684684684684+0j),(-0.0007078946446382146-0.0001222603658758859j),(5-1.1102230246251565e-16j),(4.855179360142655+0.8385199459665119j),(0.002896412797146892-0.01677039891933024j),(0.0028964127971468925-0.01677039891933024j),(0.002896412797146901-0.01677039891933024j),(-0.002896412797146891+0.01677039891933024j)
(14014.733733733732+0j),(-0.0007029921270254484-0.00012097993786925336j),(4.999999999999999+0j),(4.856182463603027+0.8356972039821335j),(0.0028763507279394433-0.016713944079642676j),(0.002876350727939443-0.016713944079642672j),(0.0028763507279394498-0.016713944079642672j),(-0.0028763507279394407+0.01671394407964267j)
(14064.782782782782+0j),(-0.0006981398683539548-0.00011971724407442813j),(4.999999999999999+2.220446049250313e-16j),(4.857175281474682+0.832892796354096j),(0.0028564943705063624-0.016657855927081914j),(0.0028564943705063624-0.016657855927081914j),(0.0028564943705063506-0.016657855927081914j),(-0.0028564943705063593+0.016657855927081917j)
(14114.83183183183+0j),(-0.0006933371907968559-0.00011847197994860464j),(5+0j),(4.858157952513558+0.8301065516402049j),(0.002836840949728834-0.016602131032804102j),(0.002836840949728834-0.016602131032804102j),(0.0028368409497288383-0.0166021310328041j),(-0.0028368409497288305+0.016602131032804095j)
(14164.88088088088+0j),(-0.000688583427798417-0.00011724384717414876j),(5.000000000000001-2.220446049250313e-16j),(4.859130613167523+0.8273383004302912j),(0.002817387736649565-0.01654676600860583j),(0.0028173877366495653-0.01654676600860583j),(0.0028173877366495506-0.01654676600860583j),(-0.002817387736649552+0.01654676600860583j)
(14214.92992992993+0j),(-0.0006838779238523164-0.00011603255351133329j),(4.999999999999999+0j),(4.860093397621785+0.8245878753181026j),(0.0027981320475642755-0.016491757506362056j),(0.002798132047564275-0.016491757506362056j),(0.002798132047564277-0.016491757506362052j),(-0.002798132047564291+0.016491757506362056j)
(14264.978978978977+0j),(-0.0006792200342849293-0.00011483781265502361j),(5+0j),(4.861046437843312+0.8218551108736216j),(0.0027790712431337585-0.016437102217472434j),(0.0027790712431337585-0.016437102217472434j),(0.0027790712431337637-0.01643710221747243j),(-0.0027790712431337637+0.01643710221747243j)
(14315.028028028028+0j),(-0.0006746091250434971-0.00011365934409519447j),(5+0j),(4.861989863624202+0.8191398436157904j),(0.0027602027275159635-0.01638279687231581j),(0.002760202727515964-0.01638279687231581j),(0.0027602027275159635-0.016382796872315808j),(-0.0027602027275159743+0.016382796872315808j)
(14365.077077077076+0j),(-0.0006700445724890613-0.00011249687298116391j),(5+0j),(4.86292380262412+0.8164419119856481j),(0.002741523947517611-0.016328838239712967j),(0.0027415239475176113-0.016328838239712967j),(0.002741523947517592-0.016328838239712963j),(-0.0027415239475176052+0.016328838239712963j)
(14415.126126126124+0j),(-0.0006655257631940351-0.00011135012998943265j),(5+0j),(4.86384838041176+0.8137611563198638j),(0.0027230323917648153-0.01627522312639728j),(0.0027230323917648153-0.01627522312639728j),(0.0027230323917648036-0.016275223126397276j),(-0.002723032391764805+0.016275223126397276j)
(14465.175175175174+0j),(-0.0006610520937443042-0.00011021885119502424j),(5-1.1102230246251565e-16j),(4.864763720505386+0.8110974188246708j),(0.0027047255898922846-0.016221948376493416j),(0.0027047255898922846-0.016221948376493416j),(0.0027047255898922807-0.01622194837649342j),(-0.0027047255898922894+0.01622194837649342j)
(14515.224224224223+0j),(-0.0006566229705457358-0.00010910277794622017j),(5+0j),(4.8656699444124705+0.8084505435501856j),(0.0026866011117505743-0.016169010871003718j),(0.002686601111750574-0.016169010871003718j),(0.002686601111750591-0.016169010871003715j),(-0.0026866011117505917+0.016169010871003715j)
(14565.273273273273+0j),(-0.0006522378096349883-0.00010800165674259157j),(4.999999999999999+1.1102230246251565e-16j),(4.866567171668451+0.8058203763651164j),(0.0026686565666309892-0.016116407527302326j),(0.0026686565666309892-0.016116407527302326j),(0.002668656566630965-0.016116407527302326j),(-0.0026686565666309697+0.016116407527302326j)
(14615.322322322321+0j),(-0.0006478960364945135-0.00010691523911622955j),(5-1.1102230246251565e-16j),(4.867455519874618+0.8032067649318418j),(0.0026508896025076475-0.01606413529863684j),(0.0026508896025076475-0.01606413529863684j),(0.0026508896025076467-0.016064135298636838j),(-0.002650889602507644+0.016064135298636838j)
(14665.37137137137+0j),(-0.0006435970858716465-0.00010584328151608163j),(5+0j),(4.868335104735183+0.8006095586818746j),(0.0026332979052963315-0.016012191173637485j),(0.0026332979052963315-0.01601219117363749j),(0.0026332979052963346-0.016012191173637492j),(-0.002633297905296327+0.016012191173637492j)
(14715.42042042042+0j),(-0.0006393404016016846-0.00010478554519530267j),(5+1.1102230246251565e-16j),(4.869206040093518+0.7980286087916817j),(0.002615879198129653-0.015960572175833628j),(0.002615879198129653-0.01596057217583363j),(0.0026158791981296405-0.01596057217583363j),(-0.0026158791981296427+0.01596057217583363j)
(14765.469469469468+0j),(-0.0006351254364348485-0.00010374179610153274j),(5-2.220446049250313e-16j),(4.870068437967593+0.795463768158873j),(0.00259863124064816-0.01590927536317746j),(0.0025986312406481604-0.015909275363177464j),(0.002598631240648146-0.015909275363177464j),(-0.002598631240648148+0.015909275363177464j)
(14815.518518518518+0j),(-0.00063095165186704-0.0001027118047700179j),(5+0j),(4.870922408584651+0.7929148913787463j),(0.002581551828306993-0.015858297827574922j),(0.002581551828306994-0.015858297827574922j),(0.002581551828306985-0.015858297827574926j),(-0.0025815518283069973+0.015858297827574926j)
(14865.567567567567+0j),(-0.0006268185179742934-0.00010169534621948993j),(4.999999999999999+1.1102230246251565e-16j),(4.871768060415116+0.79038183472118j),(0.0025646387916976785-0.0158076366944236j),(0.002564638791697678-0.01580763669442359j),(0.002564638791697664-0.0158076366944236j),(-0.002564638791697667+0.015807636694423595j)
(14915.616616616615+0j),(-0.0006227255132508352-0.00010069219985072736j),(5+1.1102230246251565e-16j),(4.872605500205765+0.7878644561078764j),(0.0025478899958847156-0.015757289122157528j),(0.0025478899958847156-0.015757289122157528j),(0.002547889995884702-0.015757289122157524j),(-0.002547889995884716+0.015757289122157524j)
(14965.665665665665+0j),(-0.0006186721244506631-9.970214934771973e-05j),(5+1.1102230246251565e-16j),(4.873434833012171+0.7853626150899448j),(0.0025313033397565896-0.015707252301798896j),(0.0025313033397565896-0.015707252301798896j),(0.002531303339756583-0.015707252301798893j),(-0.002531303339756586+0.015707252301798893j)
(15015.714714714713+0j),(-0.0006146578464325531-9.872498258136002e-05j),(5+0j),(4.874256162230458+0.7828761728258182j),(0.0025148767553908307-0.01565752345651637j),(0.0025148767553908307-0.015657523456516366j),(0.0025148767553908337-0.015657523456516366j),(-0.002514876755390829+0.015657523456516366j)
(15065.763763763764+0j),(-0.0006106821820084194-9.776049151559451e-05j),(5+0j),(4.875069589628359+0.7804049920595048j),(0.0024986082074328147-0.015608099841190099j),(0.0024986082074328147-0.015608099841190099j),(0.002498608207432813-0.015608099841190095j),(-0.0024986082074327995+0.015608099841190097j)
(15115.812812812812+0j),(-0.0006067446417949381-9.680847211595848e-05j),(5.000000000000001+0j),(4.875875215375604+0.7779489370991617j),(0.002482495692487944-0.015558978741983233j),(0.0024824956924879445-0.015558978741983235j),(0.0024824956924879337-0.015558978741983235j),(-0.002482495692487947+0.015558978741983235j)
(15165.86186186186+0j),(-0.0006028447440683587-9.586872426043088e-05j),(5+0j),(4.876673138073656+0.7755078737959907j),(0.0024665372385268866-0.015510157475919814j),(0.0024665372385268875-0.015510157475919816j),(0.0024665372385268827-0.015510157475919816j),(-0.0024665372385268905+0.015510157475919814j)
(15215.91091091091+0j),(-0.0005989820146224268-9.494105165254246e-05j),(5+1.1102230246251565e-16j),(4.877463454784822+0.7730816695234529j),(0.0024507309043035755-0.015461633390469055j),(0.0024507309043035755-0.015461633390469055j),(0.002450730904303562-0.015461633390469057j),(-0.0024507309043035608+0.015461633390469057j)
(15265.959959959959+0j),(-0.0005951559866293401-9.402526173667275e-05j),(5+1.1102230246251565e-16j),(4.878246261060719+0.7706701931567882j),(0.0024350747787856286-0.01541340386313576j),(0.002435074778785628-0.015413403863135762j),(0.0024350747787856264-0.015413403863135762j),(-0.002435074778785636+0.015413403863135762j)
(15316.009009009009+0j),(-0.000591366200503669-9.312116561547589e-05j),(5+0j),(4.879021650970154+0.7682733150528487j),(0.002419566980596928-0.015365466301056972j),(0.0024195669805969285-0.015365466301056974j),(0.002419566980596919-0.015365466301056974j),(-0.0024195669805969137+0.015365466301056972j)
(15366.058058058057+0j),(-0.0005876122037691653-9.222857796937376e-05j),(5+0j),(4.879789717126398+0.7658909070302272j),(0.0024042056574720286-0.015317818140604542j),(0.002404205657472029-0.015317818140604546j),(0.0024042056574720408-0.015317818140604544j),(-0.0024042056574720416+0.015317818140604546j)
(15416.107107107106+0j),(-0.000583893550928395-9.134731697805992e-05j),(5+1.1102230246251565e-16j),(4.8805505507138935+0.7635228423496875j),(0.002388988985722137-0.015270456846993746j),(0.002388988985722137-0.015270456846993746j),(0.0023889889857221292-0.015270456846993748j),(-0.002388988985722127+0.015270456846993748j)
(15466.156156156156+0j),(-0.0005802098033351216-9.047720424395768e-05j),(5.000000000000001+0j),(4.881304241514381+0.7611689956948829j),(0.0023739151697123786-0.015223379913897654j),(0.002373915169712379-0.015223379913897652j),(0.0023739151697123972-0.01522337991389766j),(-0.0023739151697124016+0.015223379913897656j)
(15516.205205205204+0j),(-0.0005765605290693832-8.961806471757826e-05j),(5+0j),(4.882050877932496+0.758829243153367j),(0.0023589824413500797-0.015176584863067336j),(0.0023589824413500797-0.015176584863067338j),(0.0023589824413500792-0.01517658486306734j),(-0.002358982441350074+0.015176584863067341j)
(15566.254254254252+0j),(-0.0005729453028151899-8.876972662472594e-05j),(5+0j),(4.882790547020809+0.756503462197885j),(0.0023441890595838066-0.015130069243957702j),(0.0023441890595838066-0.015130069243957704j),(0.0023441890595838188-0.0151300692439577j),(-0.002344189059583813+0.0151300692439577j)
(15616.303303303303+0j),(-0.000569363705740785-8.793202139549972e-05j),(4.999999999999999-1.1102230246251565e-16j),(4.883523334504353+0.7541915316679453j),(0.0023295333099129074-0.015083830633358905j),(0.002329533309912907-0.015083830633358906j),(0.0023295333099129147-0.015083830633358908j),(-0.002329533309912909+0.01508383063335891j)
(15666.35235235235+0j),(-0.0005658153253814099-8.710478359504131e-05j),(4.999999999999999+1.1102230246251565e-16j),(4.884249324804634+0.7518933317516653j),(0.0023150135039073016-0.0150378666350333j),(0.0023150135039073016-0.0150378666350333j),(0.002315013503907295-0.015037866635033304j),(-0.002315013503907289+0.015037866635033306j)
(15716.401401401401+0j),(-0.0005622997555245079-8.62878508559816e-05j),(5.000000000000001-1.1102230246251565e-16j),(4.884968601063137+0.7496087439678859j),(0.0023006279787372757-0.01499217487935772j),(0.0023006279787372752-0.014992174879357719j),(0.0023006279787372817-0.01499217487935772j),(-0.002300627978737285+0.014992174879357719j)
(15766.45045045045+0j),(-0.0005588165960973175-8.548106381254015e-05j),(5+0j),(4.885681245164346+0.7473376511485577j),(0.0022863750967130735-0.014946753022971158j),(0.0022863750967130735-0.014946753022971155j),(0.002286375096713087-0.014946753022971153j),(-0.0022863750967130896+0.014946753022971155j)
(15816.499499499498+0j),(-0.0005553654530567944-8.468426603623078e-05j),(5+0j),(4.8863873377583005+0.745079937421384j),(0.0022722532448340147-0.014901598748427685j),(0.0022722532448340147-0.014901598748427681j),(0.0022722532448339904-0.014901598748427681j),(-0.002272253244833995+0.014901598748427681j)
(15866.548548548548+0j),(-0.0005519459382818048-8.389730397313026e-05j),(5+1.1102230246251565e-16j),(4.887086958282653+0.7428354881927216j),(0.00225826083434693-0.01485670976385443j),(0.00225826083434693-0.014856709763854432j),(0.0022582608343469346-0.01485670976385443j),(-0.0022582608343469333+0.01485670976385443j)
(15916.597597597596+0j),(-0.000548557669467548-8.312002688266865e-05j),(5.000000000000001+0j),(4.887780184984314+0.7406041901307405j),(0.0022443963003137258-0.014812083802614815j),(0.0022443963003137258-0.014812083802614815j),(0.0022443963003137314-0.014812083802614812j),(-0.0022443963003137423+0.014812083802614812j)
(15966.646646646646+0j),(-0.0005452002700221403-8.235228677789809e-05j),(5.000000000000001+0j),(4.8884670949406095+0.7383859311488288j),(0.0022306581011878185-0.014767718622976577j),(0.002230658101187818-0.014767718622976577j),(0.002230658101187828-0.014767718622976576j),(-0.002230658101187826+0.014767718622976576j)
(16016.695695695695+0j),(-0.0005418733689653275-8.159393836720198e-05j),(5.000000000000001+0j),(4.889147764080037+0.7361806003892452j),(0.0022170447183992663-0.014723612007784902j),(0.0022170447183992663-0.014723612007784905j),(0.0022170447183992793-0.014723612007784903j),(-0.0022170447183992793+0.014723612007784903j)
(16066.744744744743+0j),(-0.0005385766008292619-8.08448389974044e-05j),(4.999999999999999+0j),(4.88982226720258+0.7339880882070143j),(0.0022035546559483845-0.014679761764140287j),(0.002203554655948384-0.014679761764140284j),(0.0022035546559483876-0.014679761764140287j),(-0.0022035546559483893+0.014679761764140289j)
(16116.793793793793+0j),(-0.0005353096055613058-8.010484859824302e-05j),(5+0j),(4.890490677999618+0.7318082861540598j),(0.002190186440007646-0.0146361657230812j),(0.002190186440007646-0.014636165723081199j),(0.00219018644000764-0.014636165723081197j),(-0.0021901864400076386+0.014636165723081199j)
(16166.842842842841+0j),(-0.0005320720284288101-7.937382962816872e-05j),(5+0j),(4.891153069073416+0.7296410869635721j),(0.0021769386185316905-0.014592821739271442j),(0.002176938618531691-0.014592821739271442j),(0.002176938618531672-0.014592821739271442j),(-0.002176938618531684+0.014592821739271443j)
(16216.891891891892+0j),(-0.0005288635199258241-7.865164702143598e-05j),(4.999999999999999+0j),(4.891809511956238+0.7274863845346053j),(0.002163809760875227-0.014549727690692106j),(0.002163809760875227-0.014549727690692106j),(0.0021638097608752283-0.014549727690692108j),(-0.002163809760875219+0.014549727690692108j)
(16266.94094094094+0j),(-0.0005256837356816944-7.793816813645104e-05j),(5+0j),(4.892460077129065+0.7253440739169073j),(0.0021507984574186964-0.01450688147833815j),(0.002150798457418697-0.01450688147833815j),(0.0021507984574187055-0.014506881478338146j),(-0.002150798457418706+0.014506881478338148j)
(16316.989989989988+0j),(-0.0005225323363715022-7.723326270534257e-05j),(5+0j),(4.893104834039926+0.7232140512959652j),(0.0021379033192014583-0.014464281025919302j),(0.0021379033192014583-0.014464281025919304j),(0.0021379033192014773-0.014464281025919304j),(-0.0021379033192014773+0.014464281025919302j)
(16367.039039039038+0j),(-0.0005194089876283095-7.65368027847241e-05j),(5+0j),(4.893743851121881+0.7210962139782771j),(0.0021251229775623754-0.01442192427956554j),(0.0021251229775623754-0.014421924279565542j),(0.002125122977562377-0.014421924279565542j),(-0.002125122977562378+0.014421924279565538j)
(16417.088088088087+0j),(-0.0005163133599571606-7.584866270761616e-05j),(5.000000000000001+0j),(4.89437719581062+0.7189904603768388j),(0.0021124560837876174-0.014379809207536775j),(0.0021124560837876174-0.014379809207536773j),(0.002112456083787624-0.014379809207536776j),(-0.0021124560837876114+0.014379809207536775j)
(16467.137137137135+0j),(-0.0005132451286508058-7.516871903649676e-05j),(4.999999999999999+1.1102230246251565e-16j),(4.895004934561724+0.7168966899968425j),(0.002099901308765497-0.014337933799936845j),(0.002099901308765497-0.014337933799936843j),(0.0020999013087654997-0.014337933799936848j),(-0.002099901308765494+0.01433793379993685j)
(16517.186186186183+0j),(-0.0005102039737071107-7.449685051745277e-05j),(5+0j),(4.895627132867588+0.7148148034215884j),(0.0020874573426482228-0.014296296068431765j),(0.002087457342648223-0.014296296068431769j),(0.0020874573426482358-0.014296296068431769j),(-0.00208745734264824+0.014296296068431765j)
(16567.235235235235+0j),(-0.0005071895797481032-7.383293803540052e-05j),(5+0j),(4.8962438552739815+0.7127447022985998j),(0.0020751228945203623-0.014254894045971992j),(0.0020751228945203623-0.014254894045971994j),(0.0020751228945203692-0.014254894045971996j),(-0.0020751228945203697+0.014254894045971994j)
(16617.284284284284+0j),(-0.0005042016359406336-7.317686457035016e-05j),(5+1.1102230246251565e-16j),(4.896855165396305+0.7106862893259428j),(0.002062896692073904-0.014213725786518855j),(0.0020628966920739045-0.014213725786518855j),(0.002062896692073899-0.014213725786518853j),(-0.0020628966920738932+0.014213725786518857j)
(16667.333333333332+0j),(-0.0005012398359186019-7.252851515468532e-05j),(5+0j),(4.897461125935512+0.7086394682387465j),(0.002050777481289757-0.014172789364774932j),(0.002050777481289757-0.014172789364774934j),(0.0020507774812897673-0.014172789364774929j),(-0.002050777481289769+0.01417278936477493j)
(16717.38238238238+0j),(-0.0004983038777067232-7.188777683143198e-05j),(4.999999999999999+0j),(4.898061798693723+0.7066041437959204j),(0.002038764026125533-0.014132082875918411j),(0.0020387640261255325-0.01413208287591841j),(0.0020387640261255234-0.014132082875918408j),(-0.002038764026125531+0.014132082875918411j)
(16767.43143143143+0j),(-0.0004953934636457931-7.12545386134911e-05j),(5+0j),(4.898657244589525+0.7045802217670643j),(0.0020268551082094897-0.014091604435341283j),(0.0020268551082094893-0.014091604435341283j),(0.0020268551082095066-0.014091604435341284j),(-0.0020268551082095083+0.014091604435341284j)
(16817.48048048048+0j),(-0.0004925083003194235-7.062869144380997e-05j),(5+1.1102230246251565e-16j),(4.899247523672975+0.7025676089195698j),(0.002015049526540483-0.01405135217839139j),(0.0020150495265404836-0.014051352178391393j),(0.002015049526540498-0.014051352178391395j),(-0.002015049526540493+0.014051352178391393j)
(16867.52952952953+0j),(-0.0004896480984822116-7.001012815646821e-05j),(5+0j),(4.899832695140309+0.70056621300591j),(0.0020033460971938073-0.014011324260118203j),(0.002003346097193807-0.014011324260118202j),(0.0020033460971938233-0.014011324260118202j),(-0.0020033460971938255+0.014011324260118203j)
(16917.578578578577+0j),(-0.00048681257298931364-6.93987434386549e-05j),(5-1.1102230246251565e-16j),(4.900412817348361+0.6985759427511151j),(0.0019917436530327804-0.013971518855022305j),(0.0019917436530327804-0.013971518855022305j),(0.0019917436530327848-0.013971518855022305j),(-0.0019917436530327882+0.013971518855022305j)
(16967.627627627626+0j),(-0.0004840014427273922-6.879443379351382e-05j),(5-1.1102230246251565e-16j),(4.9009879478287015+0.6965967078404253j),(0.001980241043425951-0.013931934156808507j),(0.001980241043425951-0.013931934156808509j),(0.00198024104342597-0.013931934156808507j),(-0.0019802410434259857+0.013931934156808507j)
(17017.676676676674+0j),(-0.00048121443054690557-6.81970975038352e-05j),(4.999999999999999+2.220446049250313e-16j),(4.901558143301508+0.694628418907129j),(0.001968837133969817-0.013892568378142579j),(0.0019688371339698168-0.013892568378142577j),(0.0019688371339698207-0.013892568378142576j),(-0.001968837133969823+0.013892568378142577j)
(17067.725725725726+0j),(-0.00047845126319570917-6.760663459657157e-05j),(5+0j),(4.902123459689156+0.6926709875205719j),(0.001957530806216907-0.01385341975041144j),(0.0019575308062169065-0.01385341975041144j),(0.0019575308062168874-0.013853419750411438j),(-0.0019575308062168982+0.013853419750411442j)
(17117.774774774774+0j),(-0.0004757116712539428-6.702294680815794e-05j),(5-1.1102230246251565e-16j),(4.902683952129543+0.6907243261743432j),(0.0019463209574091375-0.013814486523486864j),(0.0019463209574091377-0.013814486523486866j),(0.0019463209574091423-0.013814486523486866j),(-0.001946320957409136+0.013814486523486866j)
(17167.823823823823+0j),(-0.0004729953890701733-6.644593755061451e-05j),(5+1.1102230246251565e-16j),(4.903239674989185+0.6887883482746308j),(0.001935206500216308-0.01377576696549262j),(0.001935206500216308-0.013775766965492615j),(0.0019352065002163066-0.013775766965492613j),(-0.001935206500216311+0.013775766965492611j)
(17217.87287287287+0j),(-0.00047030215469876516-6.587551187841352e-05j),(5+0j),(4.903790681876018+0.6868629681287444j),(0.0019241863624796308-0.01373725936257489j),(0.001924186362479631-0.013737259362574888j),(0.001924186362479645-0.013737259362574888j),(-0.001924186362479638+0.01373725936257489j)
(17267.92192192192+0j),(-0.00046763170983845574-6.531157645609012e-05j),(4.999999999999999+0j),(4.90433702565199+0.6849481009338052j),(0.0019132594869601873-0.013698962018676104j),(0.0019132594869601873-0.013698962018676104j),(0.001913259486960186-0.013698962018676104j),(-0.0019132594869601843+0.013698962018676103j)
(17317.97097097097+0j),(-0.0004649837997721024-6.475403952657855e-05j),(5+0j),(4.90487875844539+0.6830436627655956j),(0.0019024248310921922-0.013660873255311916j),(0.0019024248310921918-0.013660873255311916j),(0.0019024248310921977-0.013660873255311913j),(-0.0019024248310921948+0.013660873255311911j)
(17368.02002002002+0j),(-0.00046235817330758476-6.420281088025666e-05j),(5-1.1102230246251565e-16j),(4.905415931662951+0.6811495705675744j),(0.001891681366740992-0.013622991411351489j),(0.0018916813667409923-0.01362299141135149j),(0.0018916813667409827-0.01362299141135149j),(-0.0018916813667409907+0.013622991411351492j)
(17418.069069069068+0j),(-0.0004597545827198284-6.365780182467891e-05j),(5+0j),(4.905948596001718+0.6792657421400422j),(0.001881028079965645-0.013585314842800844j),(0.001881028079965645-0.013585314842800848j),(0.0018810280799656453-0.013585314842800844j),(-0.001881028079965645+0.013585314842800844j)
(17468.118118118116+0j),(-0.00045717278369393255-6.311892515498292e-05j),(4.999999999999999+0j),(4.906476801460697+0.6773920961294697j),(0.0018704639707860387-0.013547841922589393j),(0.001870463970786039-0.013547841922589393j),(0.0018704639707860338-0.013547841922589395j),(-0.001870463970786041+0.013547841922589393j)
(17518.167167167165+0j),(-0.00045461253526937496-6.258609512495145e-05j),(4.999999999999999+1.1102230246251565e-16j),(4.907000597352279+0.6755285520179729j),(0.001859988052954407-0.01351057104035946j),(0.001859988052954407-0.01351057104035946j),(0.0018599880529544066-0.013510571040359456j),(-0.0018599880529544114+0.013510571040359458j)
(17568.216216216217+0j),(-0.00045207359978527054-6.205922741871394e-05j),(5+0j),(4.907520032313441+0.6736750301129423j),(0.0018495993537311723-0.013473500602258846j),(0.0018495993537311721-0.013473500602258843j),(0.0018495993537311862-0.013473500602258846j),(-0.001849599353731177+0.013473500602258846j)
(17618.265265265265+0j),(-0.0004495557428266634-6.153823912307202e-05j),(5+0j),(4.908035154316749+0.6718314515368174j),(0.0018392969136650143-0.01343662903073635j),(0.0018392969136650141-0.01343662903073635j),(0.0018392969136650273-0.01343662903073635j),(-0.0018392969136650159+0.01343662903073635j)
(17668.314314314313+0j),(-0.00044705873317182714-6.102304870043309e-05j),(5+0j),(4.908546010681146+0.6699977382170096j),(0.001829079786377076-0.01339995476434019j),(0.0018290797863770767-0.01339995476434019j),(0.001829079786377079-0.013399954764340192j),(-0.0018290797863770684+0.01339995476434019j)
(17718.36336336336+0j),(-0.00044458234274055605-6.051357596233778e-05j),(5+0j),(4.90905264808254+0.6681738128759656j),(0.00181894703834922-0.013363476257519312j),(0.00181894703834922-0.01336347625751931j),(0.001818947038349208-0.01336347625751931j),(-0.0018189470383492105+0.01336347625751931j)
(17768.41241241241+0j),(-0.0004421263465434209-6.00097420435658e-05j),(5+0j),(4.9095551125641865+0.6663595990213745j),(0.0018088977487162455-0.013327191980427491j),(0.0018088977487162453-0.013327191980427491j),(0.0018088977487162694-0.013327191980427491j),(-0.0018088977487162698+0.013327191980427491j)
(17818.461461461462+0j),(-0.00043969052263197596-5.951146937680709e-05j),(5-1.1102230246251565e-16j),(4.910053449546901+0.6645550209365133j),(0.0017989310090619898-0.013291100418730268j),(0.0017989310090619896-0.013291100418730268j),(0.001798931009061988-0.01329110041873027j),(-0.0017989310090619874+0.01329110041873027j)
(17868.51051051051+0j),(-0.0004372746520498879-5.9018681667883235e-05j),(4.999999999999999+1.1102230246251565e-16j),(4.910547703839039+0.6627600036707266j),(0.0017890459232192196-0.013255200073414531j),(0.0017890459232192198-0.013255200073414531j),(0.0017890459232192057-0.013255200073414531j),(-0.001789045923219212+0.013255200073414531j)
(17918.55955955956+0j),(-0.00043487851878497714-5.853130387150706e-05j),(5+1.1102230246251565e-16j),(4.911037919646338+0.660974473030045j),(0.0017792416070732476-0.0132194894606009j),(0.0017792416070732476-0.013219489460600902j),(0.0017792416070732387-0.013219489460600897j),(-0.0017792416070732536+0.013219489460600897j)
(17968.608608608607+0j),(-0.0004325019097221443-5.804926216756627e-05j),(4.999999999999999+0j),(4.911524140581541+0.6591983555679325j),(0.0017695171883691798-0.013183967111358651j),(0.0017695171883691798-0.01318396711135865j),(0.0017695171883691607-0.01318396711135865j),(-0.0017695171883691692+0.013183967111358651j)
(18018.657657657655+0j),(-0.0004301446145971682-5.7572483937919134e-05j),(5-1.1102230246251565e-16j),(4.912006409673863+0.6574315785761667j),(0.0017598718065227345-0.013148631571523338j),(0.0017598718065227343-0.013148631571523338j),(0.0017598718065227458-0.013148631571523337j),(-0.0017598718065227337+0.013148631571523338j)
(18068.706706706707+0j),(-0.00042780642595135457-5.710089774368951e-05j),(5+0j),(4.912484769378272+0.6556740700758468j),(0.0017503046124345432-0.013113481401516936j),(0.001750304612434543-0.013113481401516936j),(0.0017503046124345545-0.013113481401516936j),(-0.0017503046124345625+0.013113481401516936j)
(18118.755755755756+0j),(-0.00042548713908702076-5.663443330304955e-05j),(5+0j),(4.912959261584607+0.6539257588085269j),(0.0017408147683078733-0.013078515176170542j),(0.001740814768307873-0.01307851517617054j),(0.0017408147683078568-0.013078515176170537j),(-0.001740814768307862+0.013078515176170539j)
(18168.804804804804+0j),(-0.00042318655202379233-5.617302146947743e-05j),(5.000000000000001+0j),(4.913429927626516+0.6521865742274745j),(0.0017314014474696803-0.013043731484549488j),(0.00173140144746968-0.01304373148454949j),(0.0017314014474697004-0.01304373148454949j),(-0.0017314014474697006+0.013043731484549488j)
(18218.853853853852+0j),(-0.0004209044654557054-5.571659421048035e-05j),(5.000000000000001+1.1102230246251565e-16j),(4.913896808290253+0.6504564464890529j),(0.0017220638341949584-0.013009128929781054j),(0.0017220638341949581-0.013009128929781053j),(0.0017220638341949625-0.013009128929781056j),(-0.001722063834194952+0.013009128929781053j)
(18268.9029029029+0j),(-0.0004186406827090862-5.526508458676988e-05j),(5+0j),(4.914359943823286+0.6487353064442208j),(0.0017128011235342752-0.012974706128884416j),(0.0017128011235342752-0.012974706128884418j),(0.0017128011235342732-0.012974706128884418j),(-0.0017128011235342795+0.012974706128884414j)
(18318.95195195195+0j),(-0.00041639500970120226-5.481842673188056e-05j),(5+0j),(4.914819373942778+0.6470230856301562j),(0.0017036125211444665-0.012940461712603121j),(0.0017036125211444667-0.012940461712603121j),(0.0017036125211444464-0.012940461712603124j),(-0.001703612521144447+0.012940461712603123j)
(18369.001001001+0j),(-0.00041416725489966025-5.437655583221948e-05j),(4.999999999999999+0j),(4.91527513784388+0.6453197162619893j),(0.0016944972431223876-0.012906394325239778j),(0.0016944972431223878-0.012906394325239783j),(0.0016944972431223882-0.012906394325239785j),(-0.0016944972431223897+0.012906394325239785j)
(18419.05005005005+0j),(-0.0004119572292825444-5.393940810753852e-05j),(5+0j),(4.9157272742079146+0.6436251312246588j),(0.0016854545158416978-0.012872502624493177j),(0.0016854545158416976-0.012872502624493177j),(0.001685454515841709-0.012872502624493177j),(-0.0016854545158417195+0.012872502624493177j)
(18469.099099099098+0j),(-0.00040976474629926996-5.3506920791817494e-05j),(5-1.1102230246251565e-16j),(4.9161758212103726+0.6419392640648767j),(0.0016764835757925802-0.012838785281297536j),(0.0016764835757925802-0.012838785281297537j),(0.001676483575792549-0.012838785281297536j),(-0.0016764835757925554+0.012838785281297536j)
(18519.148148148146+0j),(-0.0004075896218321454-5.3079032114549434e-05j),(5+0j),(4.916620816528782+0.6402620489832024j),(0.0016675836694243515-0.012805240979664054j),(0.0016675836694243515-0.012805240979664054j),(0.001667583669424353-0.012805240979664049j),(-0.00166758366942436+0.012805240979664049j)
(18569.197197197194+0j),(-0.0004054316741586277-5.265568128241909e-05j),(5+0j),(4.917062297350453+0.6385934208262358j),(0.0016587540529909254-0.012771868416524713j),(0.0016587540529909254-0.012771868416524713j),(0.0016587540529909362-0.012771868416524716j),(-0.0016587540529909225+0.012771868416524716j)
(18619.246246246246+0j),(-0.00040329072391425064-5.2236808461363515e-05j),(5-1.1102230246251565e-16j),(4.917500300380049+0.6369333150789063j),(0.0016499939923990136-0.012738666301578131j),(0.0016499939923990136-0.01273866630157813j),(0.0016499939923990147-0.012738666301578128j),(-0.0016499939923990054+0.01273866630157813j)
(18669.295295295295+0j),(-0.00040116659405621926-5.1822354759008295e-05j),(5+0j),(4.917934861847046+0.6352816678568798j),(0.0016413027630590824-0.012705633357137593j),(0.0016413027630590826-0.012705633357137595j),(0.0016413027630590804-0.012705633357137596j),(-0.0016413027630590715+0.012705633357137596j)
(18719.344344344343+0j),(-0.00039905910982765435-5.141226220746827e-05j),(5+0j),(4.918366017513053+0.6336384158990609j),(0.0016326796497389377-0.012672768317981217j),(0.0016326796497389377-0.01267276831798122j),(0.0016326796497389395-0.012672768317981219j),(-0.0016326796497389414+0.012672768317981219j)
(18769.39339339339+0j),(-0.0003969680987224729-5.100647374650617e-05j),(5+0j),(4.918793802679003+0.6320034965602064j),(0.0016241239464199456-0.012640069931204125j),(0.0016241239464199453-0.012640069931204126j),(0.0016241239464199354-0.012640069931204128j),(-0.0016241239464199336+0.01264006993120413j)
(18819.44244244244+0j),(-0.00039489339045089314-5.0604933207039475e-05j),(5+0j),(4.919218252192213+0.6303768478036337j),(0.0016156349561557886-0.012607536956072673j),(0.0016156349561557888-0.012607536956072673j),(0.0016156349561557448-0.012607536956072673j),(-0.0016156349561557463+0.012607536956072675j)
(18869.49149149149+0j),(-0.00039283481690555015-5.020758529498825e-05j),(5+0j),(4.919639400453313+0.6287584081940334j),(0.001607211990933738-0.012575168163880672j),(0.0016072119909337377-0.01257516816388067j),(0.0016072119909337347-0.012575168163880669j),(-0.0016072119909337457+0.012575168163880667j)
(18919.54054054054+0j),(-0.00039079221212821375-4.981437557545604e-05j),(5+0j),(4.920057281423081+0.6271481168903815j),(0.0015988543715383821-0.012542962337807629j),(0.0015988543715383823-0.012542962337807632j),(0.0015988543715383763-0.01254296233780763j),(-0.0015988543715383767+0.01254296233780763j)
(18969.58958958959+0j),(-0.0003887654122770885-4.942525045723509e-05j),(5.000000000000001+0j),(4.920471928629113+0.6255459136389421j),(0.001590561427417743-0.01251091827277884j),(0.0015905614274177432-0.012510918272778839j),(0.0015905614274177539-0.012510918272778842j),(-0.0015905614274177443+0.01251091827277884j)
(19019.638638638637+0j),(-0.0003867542555946938-4.904015717763028e-05j),(5+0j),(4.920883375172412+0.6239517387663731j),(0.0015823324965517696-0.012479034775327465j),(0.0015823324965517696-0.012479034775327464j),(0.001582332496551757-0.012479034775327462j),(-0.0015823324965517568+0.012479034775327462j)
(19069.687687687685+0j),(-0.0003847585823763051-4.865904378759264e-05j),(5+0j),(4.921291653733843+0.6223655331729219j),(0.0015741669253231264-0.01244731066345844j),(0.0015741669253231264-0.012447310663458439j),(0.0015741669253231372-0.012447310663458437j),(-0.0015741669253231327+0.01244731066345844j)
(19119.736736736737+0j),(-0.0003827782349389497-4.8281859137156634e-05j),(5+0j),(4.921696796580487+0.6207872383257147j),(0.0015660640683902562-0.012415744766514294j),(0.0015660640683902562-0.012415744766514294j),(0.0015660640683902648-0.012415744766514294j),(-0.0015660640683902783+0.01241574476651429j)
(19169.785785785785+0j),(-0.00038081305759094376-4.790855286117362e-05j),(5+1.1102230246251565e-16j),(4.922098835571868+0.6192167962521378j),(0.0015580232885626557-0.012384335925042752j),(0.0015580232885626557-0.01238433592504275j),(0.0015580232885626444-0.012384335925042754j),(-0.0015580232885626514+0.01238433592504275j)
(19219.834834834834+0j),(-0.000378862896601959-4.753907536533469e-05j),(5+0j),(4.922497802166085+0.6176541495333053j),(0.0015500439566783213-0.012353082990666111j),(0.0015500439566783215-0.01235308299066611j),(0.0015500439566783087-0.012353082990666106j),(-0.0015500439566783208+0.012353082990666108j)
(19269.883883883882+0j),(-0.00037692760017361246-4.717337781247716e-05j),(4.999999999999999+1.1102230246251565e-16j),(4.922893727425832+0.6160992412976228j),(0.0015421254514833447-0.012321984825952455j),(0.0015421254514833447-0.012321984825952455j),(0.0015421254514833471-0.012321984825952455j),(-0.0015421254514833525+0.012321984825952457j)
(19319.93293293293+0j),(-0.0003750070184105646-4.6811412109166836e-05j),(4.999999999999999+0j),(4.923286642024321+0.6145520152144283j),(0.0015342671595135733-0.012291040304288563j),(0.0015342671595135735-0.012291040304288564j),(0.0015342671595135649-0.012291040304288566j),(-0.001534267159513554+0.012291040304288566j)
(19369.981981981982+0j),(-0.0003731010032921186-4.645313089255137e-05j),(5+0j),(4.923676576251083+0.6130124154877268j),(0.0015264684749783407-0.012260248309754538j),(0.001526468474978341-0.012260248309754534j),(0.0015264684749783442-0.012260248309754536j),(-0.001526468474978334+0.012260248309754536j)
(19420.03103103103+0j),(-0.00037120940864431-4.6098487517477544e-05j),(5+0j),(4.924063560017689+0.6114803868500066j),(0.0015187287996461963-0.01222960773700013j),(0.0015187287996461965-0.012229607737000133j),(0.0015187287996462119-0.012229607737000133j),(-0.0015187287996462108+0.012229607737000133j)
(19470.08008008008+0j),(-0.00036933209011247753-4.5747436043866807e-05j),(5-1.1102230246251565e-16j),(4.92444762286337+0.609955874556138j),(0.001511047542732603-0.012199117491122761j),(0.001511047542732603-0.012199117491122761j),(0.0015110475427326086-0.012199117491122763j),(-0.0015110475427326103+0.012199117491122761j)
(19520.129129129127+0j),(-0.0003674689051343036-4.5399931224343436e-05j),(5+0j),(4.924828793960521+0.6084388243773552j),(0.0015034241207895693-0.012168776487547104j),(0.0015034241207895695-0.012168776487547103j),(0.0015034241207895782-0.012168776487547104j),(-0.0015034241207895727+0.012168776487547106j)
(19570.178178178176+0j),(-0.0003656197129133206-4.505592849210968e-05j),(5+1.1102230246251565e-16j),(4.925207102120141+0.6069291825953185j),(0.001495857957597175-0.012138583651906372j),(0.0014958579575971745-0.01213858365190637j),(0.0014958579575971775-0.012138583651906367j),(-0.001495857957597175+0.012138583651906365j)
(19620.227227227228+0j),(-0.0003637843743928663-4.4715383949061876e-05j),(5+0j),(4.9255825757971525+0.605426895996256j),(0.0014883484840569456-0.012108537919925121j),(0.0014883484840569454-0.012108537919925123j),(0.0014883484840569495-0.01210853791992512j),(-0.001488348484056951+0.01210853791992512j)
(19670.276276276276+0j),(-0.0003619627522304881-4.43782543541431e-05j),(5+0j),(4.925955243095647+0.6039319118651845j),(0.0014808951380870625-0.012078638237303692j),(0.0014808951380870625-0.01207863823730369j),(0.0014808951380870638-0.01207863823730369j),(-0.0014808951380870623+0.01207863823730369j)
(19720.325325325324+0j),(-0.00036015471077277913-4.404449711192596e-05j),(5+0j),(4.926325131774033+0.6024441779802058j),(0.0014734973645193412-0.012048883559604116j),(0.001473497364519341-0.012048883559604116j),(0.0014734973645193427-0.012048883559604116j),(-0.0014734973645193564+0.012048883559604115j)
(19770.374374374373+0j),(-0.0003583601160306449-4.371407026142139e-05j),(5+1.1102230246251565e-16j),(4.926692269250101+0.6009636426068806j),(0.0014661546149979704-0.01201927285213761j),(0.0014661546149979704-0.012019272852137611j),(0.0014661546149979721-0.01201927285213761j),(-0.001466154614997977+0.01201927285213761j)
(19820.42342342342+0j),(-0.0003565788356549875-4.338693246510787e-05j),(5+0j),(4.927056682606001+0.5994902544926761j),(0.0014588663478799634-0.011989805089853521j),(0.0014588663478799636-0.011989805089853523j),(0.0014588663478799725-0.011989805089853523j),(-0.0014588663478799781+0.011989805089853523j)
(19870.472472472473+0j),(-0.0003548107389128018-4.306304299817652e-05j),(5.000000000000001+0j),(4.927418398593136+0.598023962861489j),(0.0014516320281372998-0.011960479257229782j),(0.0014516320281372996-0.01196047925722978j),(0.0014516320281373041-0.011960479257229779j),(-0.0014516320281373132+0.011960479257229777j)
(19920.52152152152+0j),(-0.00035305569666367457-4.2742361737987104e-05j),(4.999999999999999+0j),(4.9277774436369635+0.5965647174082381j),(0.0014444511272607085-0.011931294348164766j),(0.0014444511272607083-0.011931294348164766j),(0.001444451127260713-0.011931294348164763j),(-0.0014444511272607152+0.011931294348164766j)
(19970.57057057057+0j),(-0.00035131358133667993-4.242484915373046e-05j),(5+0j),(4.928133843841746+0.5951124682935333j),(0.0014373231231650826-0.011902249365870667j),(0.0014373231231650826-0.011902249365870667j),(0.0014373231231650863-0.011902249365870666j),(-0.001437323123165083+0.011902249365870666j)
(20020.619619619618+0j),(-0.00034958426690766123-4.211046629629262e-05j),(4.999999999999999-1.1102230246251565e-16j),(4.928487624995175+0.5936671661384084j),(0.0014302475000964711-0.011873343322768168j),(0.0014302475000964713-0.01187334332276817j),(0.0014302475000964776-0.011873343322768171j),(-0.0014302475000964668+0.011873343322768171j)
(20070.668668668666+0j),(-0.0003478676288768962-4.179917478831667e-05j),(5+0j),(4.928838812572968+0.5922287620191303j),(0.0014232237485406406-0.01184457524038261j),(0.0014232237485406406-0.01184457524038261j),(0.001423223748540643-0.011844575240382607j),(-0.0014232237485406472+0.011844575240382606j)
(20120.71771771772+0j),(-0.0003461635442471323-4.149093681445735e-05j),(5+0j),(4.929187431743341+0.5907972074620716j),(0.0014162513651331575-0.011815944149241432j),(0.0014162513651331577-0.011815944149241434j),(0.0014162513651331742-0.011815944149241434j),(-0.0014162513651331738+0.01181594414924143j)
(20170.766766766767+0j),(-0.00034447189150199235-4.118571511182501e-05j),(5.000000000000001+1.1102230246251565e-16j),(4.929533507371452+0.5893724544386535j),(0.0014093298525709788-0.011787449088773074j),(0.0014093298525709788-0.011787449088773072j),(0.001409329852570984-0.011787449088773067j),(-0.00140932985257098+0.011787449088773067j)
(20220.815815815815+0j),(-0.0003427925505847345-4.088347296061385e-05j),(5+1.1102230246251565e-16j),(4.929877064023724+0.5879544553603523j),(0.001402458719525503-0.011759089107207042j),(0.001402458719525503-0.011759089107207044j),(0.0014024587195255124-0.011759089107207044j),(-0.0014024587195255074+0.011759089107207044j)
(20270.864864864863+0j),(-0.00034112540287737096-4.0584174174911564e-05j),(5+0j),(4.9302181259721465+0.5865431630737747j),(0.001395637480557079-0.011730863261475493j),(0.0013956374805570793-0.011730863261475493j),(0.0013956374805570704-0.011730863261475495j),(-0.001395637480557082+0.011730863261475493j)
(20320.91391391391+0j),(-0.00033947033118012697-4.028778309368543e-05j),(5+0j),(4.930556717198454+0.5851385308557948j),(0.0013888656560309195-0.011702770617115898j),(0.0013888656560309197-0.0117027706171159j),(0.0013888656560309266-0.011702770617115896j),(-0.0013888656560309166+0.011702770617115898j)
(20370.96296296296+0j),(-0.00033782721969124346-3.999426457194189e-05j),(5+0j),(4.930892861398279+0.5837405124087567j),(0.0013821427720344152-0.011674810248175129j),(0.0013821427720344152-0.011674810248175129j),(0.0013821427720344204-0.011674810248175134j),(-0.0013821427720344182+0.011674810248175132j)
(20421.012012012012+0j),(-0.00033619595398711003-3.9703583972054947e-05j),(5+0j),(4.93122658198521+0.5823490618557358j),(0.0013754683602958-0.011646981237114714j),(0.0013754683602957998-0.011646981237114714j),(0.0013754683602958018-0.011646981237114716j),(-0.0013754683602957944+0.011646981237114714j)
(20471.06106106106+0j),(-0.000334576421002727-3.941570715526108e-05j),(5+0j),(4.931557902094791+0.5809641337358677j),(0.00136884195810417-0.011619282674717355j),(0.00136884195810417-0.011619282674717357j),(0.0013688419581041878-0.011619282674717355j),(-0.0013688419581041854+0.011619282674717355j)
(20521.11011011011+0j),(-0.0003329685090124868-3.913060047331571e-05j),(5+0j),(4.931886844588459+0.5795856829997332j),(0.0013622631082308059-0.011591713659994663j),(0.001362263108230806-0.011591713659994667j),(0.0013622631082308167-0.011591713659994665j),(-0.0013622631082308226+0.011591713659994665j)
(20571.159159159157+0j),(-0.0003313721076112708-3.8848230760308666e-05j),(4.999999999999999+0j),(4.93221343205741+0.5782136650048039j),(0.0013557313588517868-0.011564273300096078j),(0.0013557313588517868-0.011564273300096078j),(0.0013557313588517773-0.011564273300096078j),(-0.0013557313588517805+0.011564273300096078j)
(20621.208208208205+0j),(-0.00032978710769585474-3.8568565324634985e-05j),(5.000000000000001+1.1102230246251565e-16j),(4.932537686826406+0.5768480355109482j),(0.00134924626347187-0.01153696071021896j),(0.0013492462634718699-0.011536960710218962j),(0.0013492462634718905-0.011536960710218962j),(-0.0013492462634718747+0.01153696071021896j)
(20671.257257257257+0j),(-0.00032821340144661813-3.829157194111767e-05j),(5-1.1102230246251565e-16j),(4.93285963095752+0.5754887506759934j),(0.0013428073808496093-0.011509775013519867j),(0.0013428073808496096-0.011509775013519869j),(0.0013428073808496065-0.011509775013519869j),(-0.001342807380849617+0.011509775013519867j)
(20721.306306306305+0j),(-0.00032665088230955083-3.801721884327961e-05j),(5+0j),(4.933179286253816+0.5741357670513487j),(0.001336414274923704-0.011482715341026973j),(0.0013364142749237042-0.011482715341026975j),(0.0013364142749236762-0.011482715341026975j),(-0.001336414274923682+0.011482715341026975j)
(20771.355355355354+0j),(-0.00032509944497855094-3.77454747157605e-05j),(5+0j),(4.933496674262974+0.5727890415776787j),(0.0013300665147405219-0.011455780831553575j),(0.001330066514740522-0.011455780831553575j),(0.0013300665147405156-0.011455780831553575j),(-0.0013300665147405325+0.011455780831553575j)
(20821.404404404402+0j),(-0.00032355898537801144-3.747630868687715e-05j),(5+0j),(4.933811816280859+0.5714485315806386j),(0.00132376367438282-0.01142897063161277j),(0.00132376367438282-0.01142897063161277j),(0.001323763674382814-0.01142897063161277j),(-0.001323763674382812+0.01142897063161277j)
(20871.45345345345+0j),(-0.0003220294006456867-3.720969032132286e-05j),(5+0j),(4.93412473335502+0.5701141947666599j),(0.0013175053328996033-0.011402283895333197j),(0.0013175053328996033-0.011402283895333199j),(0.0013175053328996-0.011402283895333199j),(-0.00131750533289959+0.011402283895333199j)
(20921.502502502502+0j),(-0.00032051058911583547-3.694558961300359e-05j),(4.999999999999999+0j),(4.934435446288143+0.5687859892187923j),(0.0013112910742371189-0.011375719784375847j),(0.0013112910742371189-0.011375719784375848j),(0.0013112910742371221-0.011375719784375847j),(-0.0013112910742371297+0.011375719784375848j)
(20971.55155155155+0j),(-0.00031900245030263625-3.6683976978008084e-05j),(5-1.1102230246251565e-16j),(4.934743975641451+0.5674638733925982j),(0.0013051204871709623-0.011349277467851965j),(0.0013051204871709625-0.011349277467851965j),(0.0013051204871709742-0.011349277467851967j),(-0.0013051204871709736+0.011349277467851967j)
(21021.6006006006+0j),(-0.00031750488488386754-3.642482324770879e-05j),(5+1.1102230246251565e-16j),(4.935050341738036+0.5661478061120991j),(0.0012989931652392732-0.011322956122241979j),(0.0012989931652392735-0.01132295612224198j),(0.0012989931652392884-0.01132295612224198j),(-0.0012989931652392962+0.011322956122241979j)
(21071.649649649647+0j),(-0.0003160177946848505-3.6168099661991045e-05j),(5+0j),(4.935354564666151+0.5648377465657739j),(0.0012929087066769975-0.011296754931315477j),(0.0012929087066769977-0.011296754931315479j),(0.0012929087066769719-0.011296754931315479j),(-0.0012929087066769832+0.011296754931315479j)
(21121.698698698696+0j),(-0.0003145410826626479-3.5913777862608154e-05j),(5+0j),(4.935656664282439+0.5635336543026088j),(0.0012868667143512104-0.011270673086052176j),(0.0012868667143512106-0.011270673086052176j),(0.0012868667143512268-0.011270673086052176j),(-0.0012868667143512216+0.011270673086052176j)
(21171.747747747748+0j),(-0.0003130746528905157-3.5661829886659063e-05j),(5+0j),(4.935956660215127+0.5622354892281977j),(0.0012808667956974633-0.011244709784563954j),(0.0012808667956974635-0.011244709784563952j),(0.0012808667956974596-0.011244709784563954j),(-0.0012808667956974717+0.011244709784563954j)
(21221.796796796796+0j),(-0.00031161841054260176-3.54122281601868e-05j),(5+0j),(4.936254571867143+0.5609432116008896j),(0.001274908562657146-0.01121886423201779j),(0.0012749085626571463-0.011218864232017789j),(0.0012749085626571422-0.01121886423201779j),(-0.0012749085626571378+0.01121886423201779j)
(21271.845845845844+0j),(-0.0003101722618788865-3.51649454918945e-05j),(5.000000000000001+1.1102230246251565e-16j),(4.936550418419208+0.5596567820279872j),(0.0012689916316158433-0.01119313564055974j),(0.0012689916316158437-0.011193135640559742j),(0.0012689916316158546-0.011193135640559742j),(-0.0012689916316158472+0.01119313564055974j)
(21321.894894894893+0j),(-0.00030873611423036507-3.491995506697736e-05j),(5.000000000000001+0j),(4.936844218832867+0.5583761614619926j),(0.0012631156233426715-0.011167523229239858j),(0.0012631156233426715-0.011167523229239857j),(0.0012631156233426743-0.011167523229239853j),(-0.0012631156233426817+0.01116752322923985j)
(21371.94394394394+0j),(-0.0003073098759844598-3.4677230441067446e-05j),(5+0j),(4.937135991853471+0.5571013111969019j),(0.0012572801629305737-0.011142026223938043j),(0.0012572801629305733-0.011142026223938041j),(0.0012572801629305809-0.011142026223938038j),(-0.0012572801629305921+0.01114202622393804j)
(21421.992992992993+0j),(-0.00030589345657066697-3.4436745534289306e-05j),(5+0j),(4.937425756013122+0.5558321928645426j),(0.0012514848797375523-0.01111664385729085j),(0.001251484879737552-0.01111664385729085j),(0.0012514848797375677-0.011116643857290852j),(-0.0012514848797375716+0.01111664385729085j)
(21472.04204204204+0j),(-0.00030448676644642735-3.419847462542439e-05j),(5+0j),(4.937713529633559+0.5545687684309615j),(0.001245729407328837-0.011091375368619233j),(0.001245729407328837-0.011091375368619233j),(0.001245729407328824-0.01109137536861923j),(-0.0012457294073288383+0.01109137536861923j)
(21522.09109109109+0j),(-0.00030308971708321815-3.39623923461815e-05j),(5.000000000000001-1.1102230246251565e-16j),(4.937999330829004+0.5533110001928558j),(0.0012400133834199526-0.011066220003857116j),(0.0012400133834199526-0.011066220003857116j),(0.0012400133834199424-0.01106622000385712j),(-0.0012400133834199363+0.01106622000385712j)
(21572.140140140138+0j),(-0.0003017022209528644-3.372847367557134e-05j),(5.000000000000001+0j),(4.938283177508967+0.5520588507740474j),(0.0012343364498206783-0.011041177015480947j),(0.0012343364498206783-0.011041177015480947j),(0.001234336449820681-0.011041177015480947j),(-0.0012343364498206694+0.011041177015480947j)
(21622.189189189186+0j),(-0.0003003241915140645-3.3496693934383554e-05j),(5+0j),(4.938565087381005+0.5508122831220055j),(0.0012286982523798979-0.011016245662440112j),(0.0012286982523798979-0.011016245662440112j),(0.0012286982523798961-0.011016245662440109j),(-0.001228698252379902+0.011016245662440109j)
(21672.23823823824+0j),(-0.00029895554319912495-3.3267028779763164e-05j),(5+1.1102230246251565e-16j),(4.938845077953435+0.5495712605044087j),(0.0012230984409312932-0.010991425210088172j),(0.0012230984409312932-0.010991425210088172j),(0.0012230984409312918-0.010991425210088173j),(-0.0012230984409312975+0.010991425210088172j)
(21722.287287287287+0j),(-0.0002975961914009027-3.3039454199885256e-05j),(5.000000000000001+0j),(4.939123166538006+0.5483357465057509j),(0.0012175366692398935-0.010966714930115017j),(0.0012175366692398937-0.010966714930115017j),(0.001217536669239898-0.010966714930115019j),(-0.0012175366692398874+0.010966714930115017j)
(21772.336336336335+0j),(-0.00029624605245994997-3.281394650872563e-05j),(5+0j),(4.939399370252527+0.5471057050239911j),(0.0012120125949494583-0.010942114100479822j),(0.0012120125949494586-0.010942114100479822j),(0.0012120125949494564-0.010942114100479823j),(-0.0012120125949494596+0.010942114100479822j)
(21822.385385385383+0j),(-0.00029490504365185875-3.2590482340925215e-05j),(5+0j),(4.939673706023466+0.545881100267243j),(0.0012065258795306657-0.01091762200534486j),(0.001206525879530666-0.01091762200534486j),(0.0012065258795306733-0.01091762200534486j),(-0.0012065258795306705+0.010917622005344862j)
(21872.43443443443+0j),(-0.0002935730831748014-3.2369038646747e-05j),(5-1.1102230246251565e-16j),(4.939946190588494+0.544661896750507j),(0.0012010761882301176-0.01089323793501014j),(0.0012010761882301178-0.010893237935010142j),(0.0012010761882301146-0.010893237935010142j),(-0.0012010761882301146+0.010893237935010146j)
(21922.483483483484+0j),(-0.00029225009013726194-3.2149592687122606e-05j),(5+0j),(4.940216840498995+0.5434480592924399j),(0.0011956631900201123-0.010868961185848798j),(0.001195663190020112-0.010868961185848796j),(0.0011956631900200954-0.010868961185848798j),(-0.0011956631900201034+0.0108689611858488j)
(21972.532532532532+0j),(-0.00029093598454595966-3.193212202878815e-05j),(4.999999999999999+0j),(4.940485672122538+0.5422395530121686j),(0.001190286557549216-0.010844791060243374j),(0.001190286557549216-0.010844791060243374j),(0.001190286557549225-0.010844791060243372j),(-0.0011902865575492275+0.010844791060243372j)
(22022.58158158158+0j),(-0.00028963068729395556-3.171660453950605e-05j),(5+0j),(4.940752701645321+0.5410363433261413j),(0.0011849459670935753-0.01082072686652283j),(0.0011849459670935755-0.010820726866522828j),(0.0011849459670935758-0.010820726866522825j),(-0.0011849459670935753+0.010820726866522827j)
(22072.63063063063+0j),(-0.0002883341201489423-3.150301838337227e-05j),(4.999999999999999+0j),(4.94101794507455+0.539838395945015j),(0.0011796410985089856-0.0107967679189003j),(0.0011796410985089858-0.010796767918900302j),(0.0011796410985089878-0.0107967679189003j),(-0.001179641098508991+0.010796767918900302j)
(22122.679679679677+0j),(-0.0002870462057417139-3.1291342016206435e-05j),(5-1.1102230246251565e-16j),(4.941281418240815+0.5386456768705853j),(0.0011743716351836884-0.010772913537411707j),(0.0011743716351836886-0.010772913537411707j),(0.001174371635183693-0.010772913537411707j),(-0.0011743716351836873+0.01077291353741171j)
(22172.72872872873+0j),(-0.000285766867554811-3.108155418102401e-05j),(4.999999999999999+1.1102230246251565e-16j),(4.941543136800404+0.5374581523927516j),(0.0011691372639918995-0.01074916304785503j),(0.0011691372639919-0.01074916304785503j),(0.0011691372639918995-0.01074916304785503j),(-0.0011691372639918882+0.010749163047855032j)
(22222.777777777777+0j),(-0.00028449602991134-3.087363390358807e-05j),(5+0j),(4.941803116237598+0.5362757890865197j),(0.0011639376752480347-0.010725515781730395j),(0.0011639376752480349-0.010725515781730394j),(0.0011639376752480325-0.010725515781730395j),(-0.0011639376752480349+0.010725515781730394j)
(22272.826826826826+0j),(-0.00028323361796396085-3.066756048803965e-05j),(5+0j),(4.942061371866918+0.5350985538090417j),(0.0011587725626616388-0.010701971076180834j),(0.001158772562661639-0.01070197107618083j),(0.0011587725626616319-0.010701971076180834j),(-0.0011587725626616315+0.010701971076180834j)
(22322.875875875874+0j),(-0.00028197955768404463-3.046331351260507e-05j),(5+0j),(4.942317918835349+0.5339264136966912j),(0.0011536416232930007-0.010678528273933825j),(0.0011536416232930007-0.010678528273933821j),(0.001153641623293016-0.010678528273933825j),(-0.001153641623293008+0.010678528273933825j)
(22372.924924924922+0j),(-0.0002807337758509927-3.026087282537829e-05j),(5+0j),(4.942572772124528+0.5327593361621753j),(0.001148544557509434-0.010655186723243509j),(0.001148544557509434-0.010655186723243506j),(0.0011485445575094388-0.010655186723243506j),(-0.0011485445575094323+0.010655186723243506j)
(22422.973973973974+0j),(-0.0002794962000417192-3.0060218540177488e-05j),(5+0j),(4.9428259465528885+0.5315972888916803j),(0.0011434810689422272-0.01063194577783361j),(0.0011434810689422272-0.01063194577783361j),(0.0011434810689422293-0.010631945777833607j),(-0.0011434810689422287+0.010631945777833609j)
(22473.023023023023+0j),(-0.0002782667586202917-2.9861331032473783e-05j),(5+0j),(4.943077456777788+0.5304402398420537j),(0.0011384508644442376-0.010608804796841075j),(0.0011384508644442376-0.010608804796841073j),(0.0011384508644442448-0.010608804796841073j),(-0.001138450864444241+0.010608804796841072j)
(22523.07207207207+0j),(-0.00027704538072772746-2.9664190935391053e-05j),(5+0j),(4.9433273172975944+0.5292881572380179j),(0.001133453654048126-0.01058576314476036j),(0.001133453654048126-0.010585763144760358j),(0.001133453654048111-0.010585763144760358j),(-0.0011334536540481138+0.010585763144760358j)
(22573.12112112112+0j),(-0.00027583199627194345-2.9468779135775364e-05j),(5.000000000000001+0j),(4.943575542453741+0.5281410095694209j),(0.0011284891509252193-0.010562820191388416j),(0.001128489150925219-0.010562820191388416j),(0.001128489150925205-0.010562820191388418j),(-0.0011284891509252132+0.010562820191388416j)
(22623.170170170168+0j),(-0.00027462653591785744-2.927507677033264e-05j),(4.999999999999999+0j),(4.94382214643275+0.526998765588517j),(0.0011235570713449892-0.010539975311770339j),(0.001123557071344989-0.010539975311770339j),(0.001123557071344976-0.01053997531177034j),(-0.0011235570713449652+0.010539975311770339j)
(22673.219219219216+0j),(-0.0002734289310776367-2.908306522183332e-05j),(5.000000000000001-1.1102230246251565e-16j),(4.944067143268244+0.525861394307284j),(0.001118657134635143-0.010517227886145682j),(0.001118657134635143-0.01051722788614568j),(0.0011186571346351393-0.010517227886145682j),(-0.0011186571346351313+0.010517227886145682j)
(22723.268268268268+0j),(-0.00027223911390109235-2.8892726115382553e-05j),(5.000000000000001-1.1102230246251565e-16j),(4.944310546842886+0.5247288649947682j),(0.001113789063142301-0.010494577299895369j),(0.0011137890631423009-0.010494577299895365j),(0.001113789063142292-0.010494577299895367j),(-0.0011137890631422907+0.010494577299895367j)
(22773.317317317316+0j),(-0.000271057017266217-2.8704041314754706e-05j),(4.999999999999999+0j),(4.944552370890336+0.523601147174465j),(0.0011089525821932663-0.010472022943489302j),(0.0011089525821932663-0.010472022943489303j),(0.0011089525821932611-0.010472022943489302j),(-0.001108952582193276+0.010472022943489303j)
(22823.366366366365+0j),(-0.0002698825747698638-2.851699291879115e-05j),(5.000000000000001+0j),(4.944792628997158+0.5224782106217296j),(0.0011041474200568706-0.010449564212434589j),(0.001104147420056871-0.01044956421243459j),(0.001104147420056858-0.010449564212434592j),(-0.0011041474200568571+0.01044956421243459j)
(22873.415415415413+0j),(-0.00026871572071856197-2.8331563257859727e-05j),(5+0j),(4.945031334604682+0.5213600253612173j),(0.001099373307906384-0.010427200507224343j),(0.001099373307906384-0.010427200507224343j),(0.0010993733079063617-0.010427200507224345j),(-0.001099373307906354+0.010427200507224345j)
(22923.46446446446+0j),(-0.0002675563901194707-2.8147734890375113e-05j),(5+0j),(4.945268501010876+0.5202465616643577j),(0.0010946299797824836-0.010404931233287151j),(0.0010946299797824834-0.010404931233287153j),(0.001094629979782482-0.010404931233287154j),(-0.0010946299797824806+0.010404931233287153j)
(22973.513513513513+0j),(-0.0002664045186714659-2.7965490599378658e-05j),(5.000000000000001+0j),(4.945504141372162+0.5191377900468566j),(0.0010899171725567713-0.010382755800937135j),(0.001089917172556771-0.010382755800937135j),(0.0010899171725567848-0.010382755800937131j),(-0.0010899171725567776+0.010382755800937133j)
(23023.56256256256+0j),(-0.00026526004275635674-2.778481338917645e-05j),(5+0j),(4.945738268705208+0.5180336812662276j),(0.0010852346258958235-0.010360673625324552j),(0.0010852346258958233-0.010360673625324552j),(0.0010852346258958434-0.010360673625324553j),(-0.0010852346258958395+0.010360673625324552j)
(23073.61161161161+0j),(-0.00026412289943023525-2.7605686482034965e-05j),(5.000000000000001+0j),(4.9459708958887125+0.5169342063193549j),(0.0010805820822257796-0.010338684126387098j),(0.0010805820822257796-0.010338684126387098j),(0.0010805820822257673-0.0103386841263871j),(-0.0010805820822257749+0.010338684126387096j)
(23123.66066066066+0j),(-0.0002629930264149481-2.7428093314932478e-05j),(5+0j),(4.946202035665127+0.5158393364400816j),(0.0010759592866974384-0.01031678672880163j),(0.0010759592866974384-0.010316786728801633j),(0.0010759592866974544-0.010316786728801633j),(-0.0010759592866974553+0.010316786728801633j)
(23173.709709709707+0j),(-0.0002618703620896992-2.725201753636618e-05j),(4.999999999999999+0j),(4.946431700642406+0.5147490430968327j),(0.001071365987151884-0.010294980861936653j),(0.0010713659871518842-0.010294980861936654j),(0.0010713659871518645-0.010294980861936654j),(-0.0010713659871518753+0.010294980861936654j)
(23223.75875875876+0j),(-0.00026075484548276933-2.7077443003212667e-05j),(5-1.1102230246251565e-16j),(4.946659903295671+0.5136632979902583j),(0.0010668019340865946-0.010273265959805173j),(0.0010668019340865948-0.010273265959805171j),(0.0010668019340865876-0.01027326595980517j),(-0.0010668019340865848+0.01027326595980517j)
(23273.807807807807+0j),(-0.0002596464162633611-2.690435377764205e-05j),(5+0j),(4.946886655968896+0.5125820730509121j),(0.001062266880622062-0.010251641461018242j),(0.001062266880622062-0.010251641461018242j),(0.001062266880622076-0.010251641461018242j),(-0.001062266880622071+0.010251641461018243j)
(23323.856856856855+0j),(-0.00025854501473356116-2.6732734124083763e-05j),(5+0j),(4.947111970876556+0.511505340436952j),(0.001057760582468891-0.010230106808739035j),(0.001057760582468891-0.010230106808739037j),(0.0010577605824688874-0.010230106808739039j),(-0.0010577605824688835+0.010230106808739039j)
(23373.905905905904+0j),(-0.0002574505818204183-2.6562568506243462e-05j),(5.000000000000001+0j),(4.947335860105232+0.5104330725318696j),(0.0010532827978953759-0.010208661450637395j),(0.0010532827978953756-0.010208661450637395j),(0.0010532827978953741-0.010208661450637393j),(-0.0010532827978953704+0.010208661450637391j)
(23423.954954954952+0j),(-0.0002563630590681383-2.639384158417023e-05j),(5+0j),(4.947558335615222+0.5093652419422489j),(0.0010488332876955545-0.010187304838844976j),(0.0010488332876955545-0.010187304838844976j),(0.0010488332876955654-0.010187304838844977j),(-0.0010488332876955676+0.010187304838844974j)
(23474.004004004004+0j),(-0.00025528238863039107-2.6226538211372553e-05j),(5-1.1102230246251565e-16j),(4.947779409242115+0.5083018214955456j),(0.0010444118151577155-0.010166036429910917j),(0.0010444118151577155-0.010166036429910916j),(0.0010444118151577088-0.010166036429910914j),(-0.001044411815157714+0.010166036429910912j)
(23524.053053053052+0j),(-0.00025420851326272905-2.6060643431983012e-05j),(4.999999999999999+1.1102230246251565e-16j),(4.94799909269833+0.5072427842378995j),(0.0010400181460333737-0.010144855684757986j),(0.0010400181460333737-0.010144855684757988j),(0.0010400181460333792-0.010144855684757988j),(-0.0010400181460333904+0.010144855684757988j)
(23574.1021021021+0j),(-0.000253141376315115-2.58961424779697e-05j),(5+0j),(4.948217397574666+0.5061881034319651j),(0.0010356520485066776-0.0101237620686393j),(0.0010356520485066774-0.0101237620686393j),(0.0010356520485066767-0.010123762068639302j),(-0.0010356520485066759+0.010123762068639302j)
(23624.15115115115+0j),(-0.000252080921724557-2.573302076639457e-05j),(4.999999999999999+0j),(4.948434335341785+0.5051377525547733j),(0.0010313132931642696-0.01010275505109547j),(0.0010313132931642696-0.01010275505109547j),(0.0010313132931642776-0.010102755051095466j),(-0.0010313132931642766+0.01010275505109547j)
(23674.200200200197+0j),(-0.0002510270940078502-2.5571263896717175e-05j),(5+0j),(4.948649917351721+0.5040917052956169j),(0.001027001652965579-0.010081834105912334j),(0.001027001652965579-0.010081834105912336j),(0.0010270016529655734-0.010081834105912338j),(-0.0010270016529655666+0.010081834105912338j)
(23724.24924924925+0j),(-0.0002499798382544222-2.541085764814299e-05j),(5.000000000000001-1.1102230246251565e-16j),(4.948864154839325+0.5030499355539559j),(0.0010227169032135295-0.01006099871107912j),(0.0010227169032135295-0.010060998711079122j),(0.0010227169032135208-0.01006099871107912j),(-0.0010227169032135314+0.01006099871107912j)
(23774.298298298298+0j),(-0.0002489391001192804-2.5251787977015874e-05j),(5+0j),(4.949077058923716+0.5020124174373557j),(0.0010184588215256815-0.010040248348747118j),(0.0010184588215256813-0.010040248348747114j),(0.0010184588215256874-0.010040248348747114j),(-0.0010184588215256772+0.010040248348747116j)
(23824.347347347346+0j),(-0.0002479048258160608-2.5094041014253426e-05j),(4.999999999999999+0j),(4.94928864060971+0.5009791252594413j),(0.0010142271878057778-0.010019582505188827j),(0.001014227187805778-0.010019582505188829j),(0.0010142271878057763-0.010019582505188827j),(-0.0010142271878057878+0.010019582505188827j)
(23874.396396396394+0j),(-0.00024687696211017613-2.4937603062824693e-05j),(5+0j),(4.949498910789215+0.49995003353788015j),(0.001010021784215696-0.0099990006707576j),(0.0010100217842156961-0.009999000670757601j),(0.0010100217842157022-0.009999000670757603j),(-0.0010100217842157028+0.009999000670757605j)
(23924.445445445443+0j),(-0.00024585545631205976-2.4782460595269218e-05j),(4.999999999999999+0j),(4.949707880242609+0.498925116992384j),(0.0010058423951477971-0.00997850233984768j),(0.0010058423951477974-0.00997850233984768j),(0.001005842395147809-0.00997850233984768j),(-0.0010058423951478032+0.009978502339847681j)
(23974.494494494495+0j),(-0.0002448402562705085-2.4628600251257223e-05j),(5+0j),(4.949915559640116+0.4979043505427406j),(0.001001688807197681-0.009958087010854816j),(0.001001688807197681-0.009958087010854813j),(0.0010016888071976736-0.009958087010854813j),(-0.001001688807197674+0.009958087010854814j)
(24024.543543543543+0j),(-0.000243831310366116-2.4476008835189186e-05j),(5.000000000000001+5.551115123125783e-17j),(4.950121959543135+0.49688770930685955j),(0.0009975608091373058-0.009937754186137189j),(0.0009975608091373055-0.009937754186137189j),(0.000997560809137319-0.00993775418613719j),(-0.000997560809137318+0.009937754186137189j)
(24074.59259259259+0j),(-0.0002428285675048032-2.4324673313835194e-05j),(5+0j),(4.950327090405574+0.4958751685988474j),(0.0009934581918885077-0.009917503371976949j),(0.0009934581918885077-0.009917503371976947j),(0.0009934581918885144-0.009917503371976949j),(-0.0009934581918885112+0.009917503371976947j)
(24124.64164164164+0j),(-0.0002418319771114367-2.4174580814012516e-05j),(5.000000000000001-5.551115123125783e-17j),(4.950530962575157+0.4948667039271022j),(0.0009893807484968847-0.009897334078542045j),(0.0009893807484968847-0.009897334078542043j),(0.0009893807484968775-0.009897334078542045j),(-0.0009893807484968875+0.009897334078542045j)
(24174.690690690688+0j),(-0.0002408414891235389-2.4025718620301108e-05j),(5.000000000000001-5.551115123125783e-17j),(4.9507335862946995+0.49386229099242906j),(0.0009853282741060492-0.009877245819848585j),(0.000985328274106049-0.009877245819848581j),(0.0009853282741060277-0.009877245819848583j),(-0.0009853282741060373+0.009877245819848583j)
(24224.73973973974+0j),(-0.00023985705398508531-2.3878074172796137e-05j),(5+0j),(4.950934971703388+0.4928619056861786j),(0.000981300565932242-0.009857238113723571j),(0.0009813005659322423-0.009857238113723571j),(0.000981300565932237-0.009857238113723573j),(-0.00098130056593225+0.009857238113723573j)
(24274.78878878879+0j),(-0.00023887862264039133-2.3731635064897232e-05j),(4.999999999999999+5.551115123125783e-17j),(4.951135128838033+0.49186552408840745j),(0.0009772974232393106-0.009837310481768148j),(0.0009772974232393106-0.009837310481768148j),(0.0009772974232393138-0.009837310481768148j),(-0.0009772974232393275+0.00983731048176815j)
(24324.837837837837+0j),(-0.00023790614652808157-2.3586389041133192e-05j),(5-5.551115123125783e-17j),(4.951334067634299+0.49087312246605747j),(0.0009733186473140267-0.00981746244932115j),(0.0009733186473140269-0.00981746244932115j),(0.0009733186473140166-0.00981746244932115j),(-0.0009733186473140194+0.009817462449321152j)
(24374.886886886885+0j),(-0.00023693957757514532-2.3442323995022045e-05j),(5+5.551115123125783e-17j),(4.951531797927913+0.4898846772711571j),(0.0009693640414417567-0.00979769354542314j),(0.0009693640414417566-0.009797693545423142j),(0.0009693640414417359-0.00979769354542314j),(-0.0009693640414417531+0.00979769354542314j)
(24424.935935935933+0j),(-0.00023597886819107475-2.3299427966965477e-05j),(5-1.1102230246251565e-16j),(4.951728329455877+0.4889001651390423j),(0.0009654334108824651-0.009778003302780851j),(0.0009654334108824651-0.00977800330278085j),(0.0009654334108824614-0.009778003302780848j),(-0.0009654334108824721+0.00977800330278085j)
(24474.984984984985+0j),(-0.0002350239712620847-2.3157689142177414e-05j),(5+0j),(4.951923671857648+0.4879195628866007j),(0.000961526562847065-0.009758391257732014j),(0.0009615265628470647-0.009758391257732016j),(0.0009615265628470482-0.009758391257732014j),(-0.0009615265628470406+0.009758391257732014j)
(24525.034034034034+0j),(-0.00023407484014541273-2.3017095848645474e-05j),(5+5.551115123125783e-17j),(4.952117834676296+0.48694284751053j),(0.0009576433064740787-0.009738856950210598j),(0.0009576433064740786-0.009738856950210598j),(0.0009576433064740719-0.0097388569502106j),(-0.0009576433064740694+0.009738856950210598j)
(24575.083083083082+0j),(-0.0002331314286636979-2.28776365551254e-05j),(5+5.551115123125783e-17j),(4.9523108273596685+0.4859699961856213j),(0.0009537834528066388-0.009719399923712424j),(0.0009537834528066389-0.009719399923712426j),(0.0009537834528066291-0.009719399923712426j),(-0.0009537834528066357+0.009719399923712424j)
(24625.13213213213+0j),(-0.0002321936910994382-2.27392998691675e-05j),(5+5.551115123125783e-17j),(4.952502659261509+0.4850009862630595j),(0.0009499468147697992-0.009700019725261192j),(0.0009499468147697992-0.00970001972526119j),(0.0009499468147698132-0.009700019725261189j),(-0.0009499468147698177+0.009700019725261189j)
(24675.18118118118+0j),(-0.0002312615821895237-2.260207453517451e-05j),(4.999999999999999+5.551115123125783e-17j),(4.952693339642591+0.4840357952687433j),(0.0009461332071481608-0.009680715905374863j),(0.0009461332071481609-0.009680715905374863j),(0.0009461332071481544-0.009680715905374865j),(-0.0009461332071481615+0.009680715905374865j)
(24725.230230230227+0j),(-0.00023033505711984628-2.246594943249055e-05j),(5+0j),(4.952882877671811+0.48307440090162324j),(0.0009423424465638095-0.009661488018032467j),(0.0009423424465638094-0.009661488018032467j),(0.0009423424465637886-0.009661488018032465j),(-0.0009423424465637882+0.009661488018032464j)
(24775.27927927928+0j),(-0.00022941407151998145-2.233091357352027e-05j),(5+5.551115123125783e-17j),(4.953071282427272+0.48211678103205985j),(0.0009385743514545505-0.009642335620641195j),(0.0009385743514545504-0.009642335620641195j),(0.0009385743514545553-0.009642335620641197j),(-0.0009385743514545541+0.009642335620641197j)
(24825.328328328327+0j),(-0.0002284985814579464-2.2196956101878122e-05j),(5+1.1102230246251565e-16j),(4.953258562897377+0.4811629137001992j),(0.0009348287420524522-0.009623258274003982j),(0.0009348287420524521-0.009623258274003982j),(0.0009348287420524671-0.009623258274003982j),(-0.0009348287420524701+0.00962325827400398j)
(24875.377377377376+0j),(-0.00022758854343502702-2.2064066290566695e-05j),(5+0j),(4.953444727981865+0.4802127771143675j),(0.0009311054403626752-0.00960425554228735j),(0.0009311054403626752-0.009604255542287351j),(0.0009311054403626962-0.00960425554228735j),(-0.0009311054403626956+0.00960425554228735j)
(24925.426426426424+0j),(-0.00022668391438067722-2.1932233540184014e-05j),(5.000000000000001-5.551115123125783e-17j),(4.953629786492871+0.4792663496494829j),(0.0009274042701425973-0.00958532699298966j),(0.0009274042701425973-0.00958532699298966j),(0.0009274042701425955-0.00958532699298966j),(-0.0009274042701425991+0.00958532699298966j)
(24975.475475475472+0j),(-0.00022578465164748703-2.180144737715894e-05j),(5+0j),(4.953813747155939+0.4783236098454838j),(0.0009237250568812153-0.009566472196909674j),(0.0009237250568812155-0.009566472196909674j),(0.0009237250568812172-0.009566472196909676j),(-0.0009237250568812186+0.009566472196909676j)
(25025.524524524524+0j),(-0.00022489071300622144-2.1671697452014694e-05j),(5-5.551115123125783e-17j),(4.9539966186110584+0.4773845364057785j),(0.0009200676277788419-0.00954769072811557j),(0.0009200676277788419-0.009547690728115569j),(0.0009200676277788311-0.00954769072811557j),(-0.000920067627778829+0.00954769072811557j)
(25075.573573573573+0j),(-0.00022400205664092372-2.154297353765932e-05j),(5.000000000000001-5.551115123125783e-17j),(4.954178409413647+0.4764491081957083j),(0.0009164318117270658-0.009528982163914167j),(0.0009164318117270657-0.009528982163914167j),(0.0009164318117270831-0.009528982163914167j),(-0.0009164318117270769+0.009528982163914169j)
(25125.62262262262+0j),(-0.0002231186411440874-2.141526552770312e-05j),(5.000000000000001-5.551115123125783e-17j),(4.954359128035552+0.4755173042410289j),(0.0009128174392889881-0.00951034608482058j),(0.000912817439288988-0.00951034608482058j),(0.0009128174392889754-0.009510346084820579j),(-0.0009128174392889801+0.009510346084820579j)
(25175.67167167167+0j),(-0.00022224042551189318-2.1288563434802544e-05j),(5.000000000000001-5.551115123125783e-17j),(4.954538782866014+0.4745891037264098j),(0.0009092243426797326-0.009491782074528195j),(0.0009092243426797326-0.009491782074528195j),(0.0009092243426797353-0.009491782074528197j),(-0.0009092243426797425+0.009491782074528197j)
(25225.720720720718+0j),(-0.00022136736913951015-2.11628573890297e-05j),(4.999999999999999+0j),(4.954717382212639+0.4736644859939479j),(0.0009056523557472095-0.009473289719878958j),(0.0009056523557472093-0.009473289719878956j),(0.0009056523557472041-0.009473289719878958j),(-0.0009056523557472024+0.00947328971987896j)
(25275.76976976977+0j),(-0.00022049943181646066-2.1038137636267554e-05j),(5.000000000000001+0j),(4.954894934302343+0.47274343054170054j),(0.0009021013139531482-0.009454868610834014j),(0.0009021013139531483-0.009454868610834012j),(0.0009021013139531497-0.009454868610834012j),(-0.0009021013139531507+0.00945486861083401j)
(25325.818818818818+0j),(-0.0002196365737220473-2.091439453662996e-05j),(5.000000000000001-1.1102230246251565e-16j),(4.955071447282282+0.47182591702223164j),(0.0008985710543543805-0.009436518340444634j),(0.0008985710543543806-0.009436518340444636j),(0.0008985710543543846-0.009436518340444636j),(-0.0008985710543543864+0.009436518340444634j)
(25375.867867867866+0j),(-0.00021877875542084243-2.0791618562906325e-05j),(5+0j),(4.955246929220781+0.47091192524117687j),(0.0008950614155843803-0.009418238504823536j),(0.0008950614155843802-0.009418238504823534j),(0.0008950614155843795-0.009418238504823538j),(-0.0008950614155843817+0.009418238504823534j)
(25425.916916916914+0j),(-0.00021792593785823676-2.0669800299030223e-05j),(5.000000000000001-5.551115123125783e-17j),(4.955421388108248+0.4700014351558208j),(0.0008915722378350418-0.009400028703116417j),(0.0008915722378350418-0.009400028703116417j),(0.0008915722378350565-0.009400028703116417j),(-0.0008915722378350506+0.009400028703116417j)
(25475.965965965963+0j),(-0.00021707808235604903-2.0548930438572014e-05j),(5.000000000000001+0j),(4.955594831858065+0.46909442687369474j),(0.0008881033628387172-0.009381888537473891j),(0.0008881033628387172-0.009381888537473893j),(0.0008881033628387236-0.009381888537473895j),(-0.0008881033628387221+0.009381888537473893j)
(25526.015015015015+0j),(-0.00021623515060819373-2.0428999783254434e-05j),(5+0j),(4.9557672683074765+0.4681908806511844j),(0.0008846546338504797-0.009363817613023687j),(0.0008846546338504799-0.009363817613023689j),(0.0008846546338504702-0.009363817613023689j),(-0.0008846546338504674+0.009363817613023689j)
(25576.064064064063+0j),(-0.00021539710467640707-2.0309999241491337e-05j),(5-5.551115123125783e-17j),(4.955938705218468+0.46729077689215776j),(0.0008812258956306352-0.00934581553784316j),(0.0008812258956306351-0.009345815537843158j),(0.0008812258956306351-0.009345815537843156j),(-0.0008812258956306454+0.009345815537843158j)
(25626.11311311311+0j),(-0.00021456390698602938-2.0191919826948723e-05j),(5-5.551115123125783e-17j),(4.9561091502786265+0.4663940961466046j),(0.0008778169944274588-0.009327881922932095j),(0.0008778169944274586-0.009327881922932093j),(0.0008778169944274694-0.009327881922932093j),(-0.0008778169944274537+0.009327881922932095j)
(25676.16216216216+0j),(-0.000213735520321844-2.0074752657127925e-05j),(4.999999999999999+5.551115123125783e-17j),(4.9562786111019905+0.46550081910929136j),(0.0008744277779601635-0.009310016382185825j),(0.0008744277779601635-0.009310016382185827j),(0.0008744277779601716-0.009310016382185827j),(-0.0008744277779601689+0.009310016382185825j)
(25726.211211211208+0j),(-0.0002129119078239722-1.9958488951970693e-05j),(5-5.551115123125783e-17j),(4.956447095229895+0.46461092661843284j),(0.0008710580954021024-0.00929221853236866j),(0.0008710580954021025-0.00929221853236866j),(0.0008710580954021019-0.009292218532368657j),(-0.0008710580954020968+0.009292218532368657j)
(25776.26026026026+0j),(-0.00021209303298382043-1.984312003248531e-05j),(4.999999999999999+0j),(4.9566146101317905+0.46372439965437506j),(0.0008677077973641796-0.009274487993087503j),(0.0008677077973641796-0.0092744879930875j),(0.0008677077973641723-0.0092744879930875j),(-0.0008677077973641769+0.009274487993087503j)
(25826.30930930931+0j),(-0.0002112788596400839-1.972863731939398e-05j),(5-5.551115123125783e-17j),(4.956781163206075+0.4628412193382955j),(0.0008643767358784941-0.009256824386765911j),(0.0008643767358784942-0.009256824386765913j),(0.0008643767358785049-0.009256824386765911j),(-0.000864376735878504+0.009256824386765911j)
(25876.358358358357+0j),(-0.0002104693519748009-1.961503233180067e-05j),(5.000000000000001+0j),(4.956946761780891+0.46196136693091505j),(0.0008610647643821926-0.009239227338618304j),(0.0008610647643821925-0.009239227338618306j),(0.0008610647643821956-0.009239227338618301j),(-0.0008610647643821947+0.009239227338618303j)
(25926.407407407405+0j),(-0.00020966447450945978-1.950229668587927e-05j),(5+0j),(4.957111413114922+0.4610848238312253j),(0.0008577717377015356-0.009221696476624505j),(0.0008577717377015357-0.009221696476624505j),(0.0008577717377015582-0.009221696476624505j),(-0.0008577717377015494+0.009221696476624505j)
(25976.456456456453+0j),(-0.0002088641921011579-1.9390422093581704e-05j),(5+5.551115123125783e-17j),(4.957275124398191+0.4602115715752289j),(0.0008544975120361765-0.009204231431504575j),(0.0008544975120361767-0.009204231431504575j),(0.000854497512036172-0.009204231431504577j),(-0.00085449751203618+0.009204231431504575j)
(26026.505505505505+0j),(-0.0002080684699388096-1.9279400361365564e-05j),(4.999999999999999+0j),(4.957437902752817+0.45934159183469353j),(0.0008512419449436439-0.009186831836693866j),(0.0008512419449436439-0.009186831836693868j),(0.0008512419449436415-0.009186831836693872j),(-0.0008512419449436398+0.009186831836693872j)
(26076.554554554554+0j),(-0.00020727727353940582-1.916922338894113e-05j),(5+0j),(4.957599755233798+0.4584748664159206j),(0.0008480048953240316-0.009169497328318411j),(0.0008480048953240316-0.009169497328318413j),(0.0008480048953240349-0.009169497328318413j),(-0.0008480048953240364+0.009169497328318413j)
(26126.603603603602+0j),(-0.00020649056874431993-1.905988316803706e-05j),(5-5.551115123125783e-17j),(4.957760688829756+0.4576113772585246j),(0.000844786223404882-0.009152227545170493j),(0.0008447862234048819-0.009152227545170491j),(0.0008447862234048742-0.009152227545170493j),(-0.0008447862234048885+0.009152227545170493j)
(26176.65265265265+0j),(-0.00020570832171566518-1.8951371781185023e-05j),(5+5.551115123125783e-17j),(4.957920710463687+0.45675110643422784j),(0.0008415857907262756-0.009135022128684554j),(0.0008415857907262757-0.009135022128684554j),(0.000841585790726267-0.009135022128684556j),(-0.000841585790726275+0.009135022128684554j)
(26226.7017017017+0j),(-0.0002049304989326972-1.884368140052233e-05j),(5.000000000000001+0j),(4.958079826993695+0.455894036145667j),(0.0008384034601261088-0.009117880722913339j),(0.0008384034601261088-0.009117880722913339j),(0.0008384034601261092-0.00911788072291334j),(-0.0008384034601261088+0.009117880722913339j)
(26276.75075075075+0j),(-0.0002041570671882638-1.8736804286612697e-05j),(5+5.551115123125783e-17j),(4.958238045213721+0.4550401487252127j),(0.0008352390957255649-0.009100802974504253j),(0.0008352390957255648-0.009100802974504253j),(0.0008352390957255729-0.009100802974504253j),(-0.0008352390957255644+0.009100802974504253j)
(26326.7997997998+0j),(-0.0002033879935853021-1.8630732787284692e-05j),(4.999999999999999+0j),(4.958395371854261+0.4541894266338023j),(0.0008320925629147775-0.009083788532676048j),(0.0008320925629147773-0.009083788532676048j),(0.0008320925629147702-0.009083788532676046j),(-0.0008320925629147837+0.009083788532676046j)
(26376.848848848847+0j),(-0.00020262324553337933-1.8525459336487466e-05j),(4.999999999999999+0j),(4.958551813583066+0.45334185245978376j),(0.0008289637283386731-0.009066837049195677j),(0.000828963728338673-0.009066837049195675j),(0.0008289637283386675-0.009066837049195675j),(-0.000828963728338669+0.009066837049195675j)
(26426.897897897896+0j),(-0.0002018627907452797-1.842097645316366e-05j),(4.999999999999999+0j),(4.958707377005849+0.45249740891777257j),(0.000825852459883003-0.009049948178355452j),(0.0008258524598830031-0.009049948178355452j),(0.0008258524598829986-0.009049948178355452j),(-0.0008258524598829877+0.009049948178355452j)
(26476.946946946944+0j),(-0.00020110659723363532-1.8317276740139123e-05j),(5+0j),(4.958862068666972+0.45165607884752135j),(0.0008227586266605537-0.009033121576950427j),(0.0008227586266605536-0.009033121576950428j),(0.0008227586266605514-0.009033121576950427j),(-0.0008227586266605635+0.009033121576950428j)
(26526.995995995996+0j),(-0.00020035463330759956-1.8214352883029057e-05j),(5+0j),(4.959015895050124+0.4508178452128006j),(0.0008196820989975341-0.009016356904256013j),(0.0008196820989975342-0.009016356904256013j),(0.0008196820989975251-0.009016356904256012j),(-0.0008196820989975379+0.009016356904256012j)
(26577.045045045044+0j),(-0.0001996068675695644-1.811219764916053e-05j),(5+0j),(4.959168862578992+0.44998269110029143j),(0.00081662274842014-0.008999653822005831j),(0.0008166227484201399-0.008999653822005831j),(0.000816622748420155-0.00899965382200583j),(-0.0008166227484201517+0.008999653822005828j)
(26627.094094094093+0j),(-0.00019886326891191994-1.801080388651092e-05j),(5+0j),(4.959320977617935+0.4491505997184914j),(0.0008135804476412915-0.00898301199436983j),(0.0008135804476412915-0.008983011994369829j),(0.0008135804476413001-0.008983011994369829j),(-0.0008135804476413003+0.008983011994369829j)
(26677.14314314314+0j),(-0.000198123806513854-1.7910164522661946e-05j),(5+0j),(4.959472246472623+0.44832155439662835j),(0.0008105550705475347-0.008966431087932568j),(0.000810555070547535-0.00896643108793257j),(0.0008105550705475473-0.008966431087932568j),(-0.000810555070547541+0.008966431087932566j)
(26727.19219219219+0j),(-0.00019738844983819526-1.7810272563769478e-05j),(5-5.551115123125783e-17j),(4.959622675390694+0.4474955385835909j),(0.0008075464921861253-0.00894991077167182j),(0.0008075464921861253-0.00894991077167182j),(0.0008075464921861198-0.00894991077167182j),(-0.0008075464921861175+0.00894991077167182j)
(26777.241241241238+0j),(-0.00019665716862829396-1.7711121093548082e-05j),(5.000000000000001+0j),(4.959772270562389+0.44667253584686484j),(0.0008045545887522575-0.008933450716937297j),(0.0008045545887522576-0.008933450716937297j),(0.0008045545887522465-0.008933450716937297j),(-0.000804554588752244+0.008933450716937297j)
(26827.29029029029+0j),(-0.0001959299329049446-1.7612703272270928e-05j),(5+0j),(4.959921038121176+0.4458525298714843j),(0.0008015792375764743-0.008917050597429687j),(0.0008015792375764744-0.008917050597429685j),(0.0008015792375764796-0.008917050597429687j),(-0.000801579237576476+0.008917050597429687j)
(26877.339339339338+0j),(-0.00019520671296334723-1.7515012335784176e-05j),(5-5.551115123125783e-17j),(4.960068984144389+0.4450355044589936j),(0.0007986203171122287-0.008900710089179874j),(0.0007986203171122286-0.008900710089179873j),(0.0007986203171122242-0.008900710089179873j),(-0.0007986203171122391+0.008900710089179873j)
(26927.388388388386+0j),(-0.00019448747937010643-1.7418041594535838e-05j),(5+0j),(4.960216114653821+0.444221443526418j),(0.0007956777069236039-0.00888442887052836j),(0.0007956777069236041-0.008884428870528361j),(0.0007956777069235877-0.008884428870528361j),(-0.0007956777069235976+0.008884428870528361j)
(26977.437437437435+0j),(-0.0001937722029602697-1.7321784432618866e-05j),(5.000000000000001+0j),(4.960362435616341+0.4434103311052462j),(0.0007927512876731903-0.008868206622104923j),(0.0007927512876731905-0.008868206622104923j),(0.0007927512876731946-0.008868206622104925j),(-0.000792751287673199+0.008868206622104923j)
(27027.486486486483+0j),(-0.00019306085483440283-1.72262343068283e-05j),(5+1.1102230246251565e-16j),(4.960507952944494+0.4426021513404249j),(0.0007898409411101185-0.008852043026808493j),(0.0007898409411101187-0.008852043026808495j),(0.0007898409411101248-0.008852043026808497j),(-0.0007898409411101308+0.008852043026808495j)
(27077.535535535535+0j),(-0.00019235340635570227-1.7131384745732045e-05j),(5+0j),(4.960652672497089+0.4417968884893615j),(0.0007869465500582398-0.00883593776978723j),(0.0007869465500582398-0.00883593776978723j),(0.0007869465500582252-0.00883593776978723j),(-0.0007869465500582283+0.00883593776978723j)
(27127.584584584583+0j),(-0.00019164982914714383-1.7037229348755295e-05j),(5+0j),(4.960796600079778+0.4409945269209395j),(0.0007840679984044597-0.008819890538418789j),(0.0007840679984044597-0.00881989053841879j),(0.0007840679984044385-0.00881989053841879j),(-0.0007840679984044524+0.00881989053841879j)
(27177.63363363363+0j),(-0.0001909500950886677-1.6943761785278142e-05j),(5.000000000000001+0j),(4.96093974144564+0.44019505111454116j),(0.0007812051710872137-0.008803901022290821j),(0.0007812051710872138-0.008803901022290823j),(0.0007812051710872226-0.008803901022290823j),(-0.0007812051710872139+0.008803901022290823j)
(27227.68268268268+0j),(-0.00019025417631439863-1.6850975793746396e-05j),(5+0j),(4.9610821022957445+0.43939844565908354j),(0.0007783579540850946-0.008787968913181671j),(0.0007783579540850947-0.008787968913181671j),(0.0007783579540851093-0.008787968913181671j),(-0.0007783579540850993+0.00878796891318167j)
(27277.73173173173+0j),(-0.0001895620452099014-1.675886518079526e-05j),(5+5.551115123125783e-17j),(4.96122368827972+0.4386046952520632j),(0.0007755262344056182-0.008772093905041266j),(0.0007755262344056183-0.008772093905041264j),(0.0007755262344056036-0.008772093905041262j),(-0.0007755262344056116+0.008772093905041262j)
(27327.78078078078+0j),(-0.00018887367440946934-1.6667423820385496e-05j),(5-5.551115123125783e-17j),(4.961364504996293+0.4378137846986084j),(0.000772709900074127-0.008756275693972167j),(0.0007727099000741272-0.008756275693972169j),(0.0007727099000741333-0.008756275693972169j),(-0.0007727099000741366+0.008756275693972169j)
(27377.82982982983+0j),(-0.0001881890367934497-1.657664565295243e-05j),(4.999999999999999+5.551115123125783e-17j),(4.961504557993856+0.43702569891054627j),(0.000769908840122844-0.008740513978210926j),(0.0007699088401228442-0.008740513978210926j),(0.0007699088401228593-0.008740513978210924j),(-0.0007699088401228599+0.008740513978210926j)
(27427.878878878877+0j),(-0.0001875081054855991-1.6486524684566808e-05j),(5.000000000000001-5.551115123125783e-17j),(4.961643852770997+0.436240422905475j),(0.000767122944580051-0.008724808458109502j),(0.0007671229445800511-0.0087248084581095j),(0.0007671229445800698-0.0087248084581095j),(-0.0007671229445800621+0.008724808458109502j)
(27477.927927927925+0j),(-0.00018683085385047372-1.6397054986107975e-05j),(5+5.551115123125783e-17j),(4.96178239477703+0.4354579418058471j),(0.0007643521044594075-0.00870915883611694j),(0.0007643521044594076-0.00870915883611694j),(0.0007643521044593982-0.008709158836116941j),(-0.0007643521044593989+0.008709158836116941j)
(27527.976976976974+0j),(-0.00018615725549085235-1.6308230692448807e-05j),(5.000000000000001-1.1102230246251565e-16j),(4.96192018941253+0.4346782408380621j),(0.0007615962117494024-0.008693564816761243j),(0.0007615962117494023-0.008693564816761243j),(0.0007615962117494135-0.008693564816761245j),(-0.0007615962117494061+0.008693564816761245j)
(27578.026026026026+0j),(-0.0001854872842451906-1.622004600165246e-05j),(5-5.551115123125783e-17j),(4.962057242029853+0.43390130533157034j),(0.0007588551594029392-0.008678026106631407j),(0.0007588551594029392-0.008678026106631407j),(0.0007588551594029447-0.008678026106631409j),(-0.0007588551594029345+0.008678026106631409j)
(27628.075075075074+0j),(-0.00018482091418510696-1.6132495174180418e-05j),(5+5.551115123125783e-17j),(4.962193557933647+0.4331271207179822j),(0.0007561288413270448-0.008662542414359643j),(0.0007561288413270449-0.008662542414359644j),(0.0007561288413270617-0.008662542414359643j),(-0.0007561288413270549+0.008662542414359643j)
(27678.124124124122+0j),(-0.00018415811961289987-1.6045572532111946e-05j),(4.999999999999999+0j),(4.962329142381364+0.43235567253018914j),(0.0007534171523727092-0.008647113450603783j),(0.0007534171523727093-0.008647113450603781j),(0.0007534171523727018-0.008647113450603783j),(-0.0007534171523727004+0.008647113450603783j)
(27728.17317317317+0j),(-0.00018349887505909616-1.5959272458374744e-05j),(5.000000000000001+0j),(4.962464000583758+0.431586946401494j),(0.0007507199883248532-0.008631738928029879j),(0.0007507199883248532-0.00863173892802988j),(0.0007507199883248638-0.00863173892802988j),(-0.0007507199883248494+0.008631738928029879j)
(27778.22222222222+0j),(-0.00018284315528002866-1.5873589395986344e-05j),(5-5.551115123125783e-17j),(4.962598137705379+0.4308209280647473j),(0.0007480372458924128-0.008616418561294949j),(0.000748037245892413-0.00861641856129495j),(0.0007480372458924123-0.008616418561294947j),(-0.0007480372458924106+0.008616418561294949j)
(27828.27127127127+0j),(-0.00018219093525544483-1.578851784730656e-05j),(5+5.551115123125783e-17j),(4.962731558865071+0.43005760335149684j),(0.0007453688226985565-0.008601152067029934j),(0.0007453688226985564-0.008601152067029936j),(0.0007453688226985733-0.008601152067029936j),(-0.0007453688226985618+0.008601152067029934j)
(27878.32032032032+0j),(-0.00018154219018614396-1.5704052373300196e-05j),(5+0j),(4.96286426913645+0.42929695819114067j),(0.0007427146172710096-0.008585939163822814j),(0.0007427146172710097-0.008585939163822815j),(0.0007427146172710054-0.008585939163822814j),(-0.0007427146172710174+0.008585939163822812j)
(27928.369369369368+0j),(-0.00018089689549164405-1.5620187592810595e-05j),(4.999999999999999+5.551115123125783e-17j),(4.962996273548375+0.42853897861009366j),(0.0007400745290325127-0.00857077957220187j),(0.0007400745290325129-0.00857077957220187j),(0.0007400745290324906-0.008570779572201872j),(-0.0007400745290325056+0.008570779572201873j)
(27978.418418418416+0j),(-0.0001802550268078763-1.5536918181842998e-05j),(5.000000000000001-5.551115123125783e-17j),(4.963127577085433+0.4277836507309583j),(0.0007374484582913813-0.008555673014619165j),(0.0007374484582913814-0.008555673014619165j),(0.000737448458291361-0.008555673014619167j),(-0.0007374484582913649+0.008555673014619167j)
(28028.467467467464+0j),(-0.00017961655998490896-1.545423887285842e-05j),(5.000000000000001-5.551115123125783e-17j),(4.963258184688391+0.427030960771707j),(0.0007348363062321943-0.00854061921543414j),(0.0007348363062321943-0.00854061921543414j),(0.0007348363062321895-0.00854061921543414j),(-0.000734836306232195+0.00854061921543414j)
(28078.516516516516+0j),(-0.0001789814710846984-1.5372144454077197e-05j),(5-5.551115123125783e-17j),(4.96338810125467+0.4262808950448714j),(0.0007322379749065886-0.008525617900897429j),(0.0007322379749065887-0.008525617900897429j),(0.0007322379749066066-0.008525617900897429j),(-0.0007322379749066104+0.008525617900897427j)
(28128.565565565565+0j),(-0.00017834973637886816-1.529062976879252e-05j),(5.000000000000001-5.551115123125783e-17j),(4.963517331638793+0.42553343995674003j),(0.0007296533672241703-0.0085106687991348j),(0.0007296533672241704-0.0085106687991348j),(0.0007296533672241524-0.008510668799134802j),(-0.0007296533672241506+0.0085106687991348j)
(28178.614614614613+0j),(-0.00017772133234651336-1.5209689714693307e-05j),(4.999999999999999+0j),(4.963645880652822+0.4247885820065619j),(0.0007270823869435291-0.008495771640131237j),(0.0007270823869435292-0.008495771640131239j),(0.0007270823869435361-0.008495771640131237j),(-0.0007270823869435367+0.008495771640131239j)
(28228.66366366366+0j),(-0.00017709623567203477-1.5129319243196984e-05j),(5+5.551115123125783e-17j),(4.963773753066833+0.424046307785764j),(0.000724524938663376-0.008480926155715277j),(0.000724524938663376-0.008480926155715279j),(0.0007245249386633467-0.008480926155715279j),(-0.0007245249386633561+0.008480926155715279j)
(28278.71271271271+0j),(-0.00017647442324299572-1.5049513358791143e-05j),(4.999999999999999+5.551115123125783e-17j),(4.963900953609311+0.4233066039771683j),(0.0007219809278137706-0.008466132079543364j),(0.0007219809278137707-0.008466132079543364j),(0.0007219809278137568-0.008466132079543364j),(-0.0007219809278137534+0.008466132079543366j)
(28328.76176176176+0j),(-0.0001758558721480082-1.4970267118384778e-05j),(5.000000000000001+5.551115123125783e-17j),(4.964027486967628+0.42256945735422496j),(0.0007194502606474721-0.008451389147084497j),(0.0007194502606474722-0.008451389147084501j),(0.0007194502606474629-0.0084513891470845j),(-0.0007194502606474619+0.008451389147084497j)
(28378.81081081081+0j),(-0.00017524055967464198-1.4891575630668267e-05j),(5.000000000000001-5.551115123125783e-17j),(4.964153357788431+0.4218348547802466j),(0.0007169328442313813-0.008436697095604934j),(0.0007169328442313814-0.008436697095604935j),(0.0007169328442313905-0.008436697095604934j),(-0.0007169328442313896+0.008436697095604934j)
(28428.85985985986+0j),(-0.00017462846330736068-1.4813434055482466e-05j),(5.000000000000001-5.551115123125783e-17j),(4.964278570678096+0.4211027832076551j),(0.0007144285864380958-0.008422055664153104j),(0.0007144285864380957-0.008422055664153102j),(0.0007144285864380961-0.008422055664153104j),(-0.0007144285864381025+0.008422055664153102j)
(28478.908908908907+0j),(-0.0001740195607254818-1.4735837603196412e-05j),(5.000000000000002-5.551115123125783e-17j),(4.964403130203124+0.4203732296772317j),(0.0007119373959375592-0.008407464593544633j),(0.0007119373959375592-0.008407464593544635j),(0.0007119373959375608-0.008407464593544635j),(-0.0007119373959375669+0.008407464593544633j)
(28528.957957957955+0j),(-0.00017341382980116124-1.46587815340937e-05j),(5+0j),(4.964527040890559+0.4196461813173774j),(0.0007094591821888146-0.008392923626347545j),(0.0007094591821888148-0.008392923626347547j),(0.000709459182188823-0.008392923626347549j),(-0.0007094591821888223+0.00839292362634755j)
(28579.007007007007+0j),(-0.00017281124859740358-1.4582261157767497e-05j),(5-5.551115123125783e-17j),(4.964650307228407+0.4189216253433813j),(0.0007069938554318622-0.008378432506867628j),(0.0007069938554318622-0.008378432506867626j),(0.0007069938554318611-0.008378432506867628j),(-0.0007069938554318637+0.008378432506867628j)
(28629.056056056055+0j),(-0.0001722117953660934-1.4506271832523616e-05j),(5+5.551115123125783e-17j),(4.964772933666019+0.4181995490566928j),(0.0007045413266796021-0.008363990981133855j),(0.0007045413266796022-0.008363990981133856j),(0.0007045413266796174-0.008363990981133855j),(-0.0007045413266796273+0.008363990981133855j)
(28679.105105105104+0j),(-0.00017161544854605332-1.4430808964792132e-05j),(5+0j),(4.964894924614506+0.4174799398442046j),(0.0007021015077098868-0.008349598796884091j),(0.0007021015077098867-0.008349598796884091j),(0.0007021015077098802-0.008349598796884093j),(-0.0007021015077098881+0.008349598796884091j)
(28729.154154154152+0j),(-0.00017102218676112225-1.4355868008546808e-05j),(5.000000000000001-5.551115123125783e-17j),(4.965016284447118+0.41676278517753945j),(0.0006996743110576568-0.008335255703550792j),(0.0006996743110576567-0.008335255703550789j),(0.0006996743110576631-0.00833525570355079j),(-0.0006996743110576631+0.008335255703550789j)
(28779.2032032032+0j),(-0.00017043198881825953-1.428144446473284e-05j),(5+5.551115123125783e-17j),(4.965137017499641+0.4160480726123486j),(0.0006972596500071835-0.008320961452246972j),(0.0006972596500071834-0.008320961452246969j),(0.000697259650007176-0.00832096145224697j),(-0.0006972596500071787+0.00832096145224697j)
(28829.25225225225+0j),(-0.0001698448337056689-1.4207533880702049e-05j),(5+0j),(4.96525712807078+0.41533578978761077j),(0.0006948574385843885-0.008306715795752217j),(0.0006948574385843886-0.008306715795752217j),(0.0006948574385843997-0.008306715795752215j),(-0.000694857438584412+0.008306715795752215j)
(28879.3013013013+0j),(-0.00016926070059094725-1.413413184965625e-05j),(5-5.551115123125783e-17j),(4.965376620422537+0.4146259244249455j),(0.0006924675915492727-0.008292518488498914j),(0.0006924675915492723-0.00829251848849891j),(0.0006924675915492528-0.008292518488498912j),(-0.0006924675915492666+0.008292518488498912j)
(28929.35035035035+0j),(-0.0001686795688192531-1.4061234010097798e-05j),(4.999999999999999+0j),(4.965495498780578+0.41391846432792573j),(0.0006900900243884151-0.00827836928655852j),(0.0006900900243884151-0.008278369286558519j),(0.0006900900243884145-0.008278369286558515j),(-0.000690090024388426+0.008278369286558515j)
(28979.399399399397+0j),(-0.0001681014179114987-1.3988836045288017e-05j),(5+5.551115123125783e-17j),(4.965613767334621+0.4132133973814039j),(0.0006877246533075801-0.008264267947628079j),(0.0006877246533075801-0.008264267947628079j),(0.0006877246533075798-0.008264267947628077j),(-0.0006877246533075824+0.008264267947628077j)
(29029.448448448446+0j),(-0.00016752622756256204-1.3916933682712676e-05j),(5+5.551115123125783e-17j),(4.96573143023878+0.4125107115508382j),(0.0006853713952243953-0.008250214231016765j),(0.0006853713952243951-0.008250214231016764j),(0.0006853713952244078-0.008250214231016764j),(-0.0006853713952244093+0.008250214231016762j)
(29079.497497497494+0j),(-0.0001669539776395213-1.384552269355506e-05j),(4.999999999999999+0j),(4.9658484916119425+0.4118103948816321j),(0.00068303016776113-0.008236207897632644j),(0.0006830301677611298-0.00823620789763264j),(0.0006830301677611316-0.008236207897632642j),(-0.0006830301677611393+0.008236207897632642j)
(29129.546546546546+0j),(-0.00016638464817990883-1.3774598892175898e-05j),(5+0j),(4.965964955538123+0.41111243549847476j),(0.000680700889237548-0.008222248709969494j),(0.0006807008892375481-0.008222248709969496j),(0.0006807008892375421-0.008222248709969496j),(-0.0006807008892375371+0.008222248709969496j)
(29179.595595595594+0j),(-0.00016581821938998687-1.3704158135600586e-05j),(5+5.551115123125783e-17j),(4.966080826066808+0.41041682160469084j),(0.0006783834786638523-0.008208336432093816j),(0.0006783834786638523-0.008208336432093816j),(0.0006783834786638466-0.008208336432093816j),(-0.0006783834786638389+0.008208336432093816j)
(29229.644644644643+0j),(-0.00016525467164304257-1.3634196323013166e-05j),(5+0j),(4.966196107213315+0.4097235414815956j),(0.0006760778557337071-0.008194470829631912j),(0.000676077855733707-0.00819447082963191j),(0.0006760778557337055-0.008194470829631912j),(-0.0006760778557337103+0.008194470829631914j)
(29279.69369369369+0j),(-0.00016469398547770385-1.3564709395257288e-05j),(4.999999999999999+5.551115123125783e-17j),(4.966310802959132+0.4090325834878573j),(0.0006737839408173458-0.008180651669757148j),(0.0006737839408173456-0.008180651669757146j),(0.0006737839408173408-0.008180651669757146j),(-0.0006737839408173414+0.008180651669757146j)
(29329.74274274274+0j),(-0.0001641361415962744-1.3495693334343817e-05j),(5.000000000000001+0j),(4.966424917252263+0.40834393605886465j),(0.0006715016549547582-0.008166878721177296j),(0.0006715016549547581-0.008166878721177294j),(0.0006715016549547492-0.008166878721177294j),(-0.0006715016549547517+0.008166878721177292j)
(29379.79179179179+0j),(-0.00016358112086308808-1.3427144162965059e-05j),(4.999999999999999+0j),(4.9665384540075515+0.40765758770609983j),(0.0006692309198489549-0.008153151754121997j),(0.0006692309198489548-0.008153151754121997j),(0.0006692309198489532-0.008153151754121997j),(-0.0006692309198489538+0.008153151754121998j)
(29429.84084084084+0j),(-0.00016302890430288373-1.3359057944015632e-05j),(5+0j),(4.966651417107034+0.4069735270165206j),(0.0006669716578593168-0.008139470540330415j),(0.0006669716578593166-0.008139470540330413j),(0.000666971657859321-0.008139470540330412j),(-0.0006669716578593284+0.008139470540330412j)
(29479.889889889888+0j),(-0.00016247947309919704-1.3291430780119663e-05j),(5-5.551115123125783e-17j),(4.966763810400249+0.40629174265194523j),(0.000664723791995016-0.008125834853038905j),(0.000664723791995016-0.008125834853038905j),(0.0006647237919950122-0.008125834853038905j),(-0.0006647237919950136+0.008125834853038905j)
(29529.938938938936+0j),(-0.00016193280859277262-1.3224258813164306e-05j),(5-5.551115123125783e-17j),(4.966875637704574+0.40561222334844377j),(0.0006624872459085145-0.008112244466968878j),(0.0006624872459085145-0.008112244466968876j),(0.0006624872459085119-0.008112244466968876j),(-0.0006624872459085225+0.008112244466968878j)
(29579.987987987985+0j),(-0.000161388892279994-1.3157538223839621e-05j),(5+0j),(4.966986902805543+0.4049349579157375j),(0.0006602619438891417-0.008098699158314755j),(0.0006602619438891417-0.008098699158314753j),(0.0006602619438891466-0.008098699158314751j),(-0.0006602619438891497+0.008098699158314751j)
(29630.037037037036+0j),(-0.0001608477058113319-1.3091265231184494e-05j),(4.999999999999999+0j),(4.967097609457163+0.40425993523660214j),(0.000658047810856744-0.008085198704732045j),(0.0006580478108567438-0.008085198704732044j),(0.0006580478108567256-0.008085198704732044j),(-0.0006580478108567274+0.008085198704732044j)
(29680.086086086085+0j),(-0.00016030923098981042-1.3025436092138637e-05j),(5.000000000000001-5.551115123125783e-17j),(4.96720776138223+0.4035871442662761j),(0.0006558447723554055-0.008071742885325523j),(0.0006558447723554055-0.008071742885325523j),(0.0006558447723554118-0.008071742885325525j),(-0.0006558447723554149+0.008071742885325525j)
(29730.135135135133+0j),(-0.0001597734497694911-1.2960047101100594e-05j),(5.000000000000001+0j),(4.967317362272638+0.4029165740318775j),(0.0006536527545472487-0.008058331480637549j),(0.0006536527545472486-0.008058331480637549j),(0.000653652754547256-0.008058331480637549j),(-0.0006536527545472452+0.008058331480637549j)
(29780.18418418418+0j),(-0.00015924034425397423-1.2895094589491548e-05j),(5+0j),(4.967426415789685+0.40224821363182306j),(0.0006514716842062976-0.008044964272636458j),(0.0006514716842062976-0.00804496427263646j),(0.0006514716842062995-0.008044964272636462j),(-0.0006514716842062965+0.008044964272636462j)
(29830.23323323323+0j),(-0.00015870989669491788-1.2830574925324991e-05j),(4.999999999999999+5.551115123125783e-17j),(4.967534925564377+0.40158205223525567j),(0.0006493014887124191-0.008031641044705112j),(0.0006493014887124191-0.008031641044705112j),(0.000649301488712446-0.008031641044705112j),(-0.0006493014887124469+0.008031641044705114j)
(29880.28228228228+0j),(-0.00015818208949057357-1.2766484512782049e-05j),(5+0j),(4.967642895197733+0.40091807908147564j),(0.0006471420960453302-0.008018361581629515j),(0.0006471420960453301-0.008018361581629514j),(0.0006471420960453322-0.008018361581629514j),(-0.0006471420960453209+0.008018361581629514j)
(29930.33133133133+0j),(-0.00015765690518433878-1.2702819791792457e-05j),(5+5.551115123125783e-17j),(4.967750328261066+0.4002562834793778j),(0.0006449934347786755-0.008005125669587554j),(0.0006449934347786754-0.008005125669587556j),(0.0006449934347786801-0.008005125669587556j),(-0.0006449934347786852+0.008005125669587556j)
(29980.38038038038+0j),(-0.0001571343264633266-1.2639577237621006e-05j),(4.999999999999999-5.551115123125783e-17j),(4.967857228296291+0.39959665480689377j),(0.0006428554340741708-0.007991933096137877j),(0.0006428554340741707-0.007991933096137877j),(0.0006428554340741677-0.007991933096137877j),(-0.0006428554340741701+0.007991933096137877j)
(30030.429429429427+0j),(-0.00015661433615695109-1.2576753360459542e-05j),(5.000000000000001-5.551115123125783e-17j),(4.967963598816209+0.3989391825104406j),(0.0006407280236758174-0.007978783650208817j),(0.0006407280236758173-0.007978783650208814j),(0.0006407280236758339-0.007978783650208814j),(-0.0006407280236758219+0.007978783650208812j)
(30080.478478478475+0j),(-0.00015609691723552887-1.2514344705024218e-05j),(5.000000000000001-5.551115123125783e-17j),(4.968069443304793+0.3982838561043733j),(0.000638611133904179-0.007965677122087468j),(0.0006386111339041788-0.007965677122087468j),(0.0006386111339041633-0.007965677122087466j),(-0.0006386111339041697+0.007965677122087468j)
(30130.527527527527+0j),(-0.0001555820528088974-1.2452347850158132e-05j),(5+0j),(4.968174765217464+0.3976306651704423j),(0.0006365046956507243-0.007952613303408849j),(0.0006365046956507242-0.007952613303408847j),(0.0006365046956507215-0.007952613303408847j),(-0.0006365046956507275+0.007952613303408847j)
(30180.576576576575+0j),(-0.00015506972612504833-1.2390759408439163e-05j),(5+5.551115123125783e-17j),(4.968279567981387+0.3969795993572593j),(0.000634408640372239-0.007939591987145184j),(0.000634408640372239-0.007939591987145184j),(0.0006344086403722571-0.007939591987145184j),(-0.0006344086403722513+0.007939591987145184j)
(30230.625625625624+0j),(-0.0001545599205687767-1.2329576025792877e-05j),(5.000000000000001+0j),(4.968383854995737+0.39633064837976284j),(0.0006323229000852931-0.007926612967595259j),(0.0006323229000852931-0.007926612967595259j),(0.0006323229000852848-0.007926612967595257j),(-0.0006323229000852923+0.007926612967595257j)
(30280.674674674672+0j),(-0.00015405261966034496-1.226879438111059e-05j),(4.999999999999999+0j),(4.968487629631961+0.39568380201869374j),(0.0006302474073607787-0.007913676040373878j),(0.0006302474073607785-0.007913676040373876j),(0.0006302474073607556-0.007913676040373876j),(-0.0006302474073607671+0.007913676040373876j)
(30330.72372372372+0j),(-0.00015354780705416305-1.2208411185872332e-05j),(5.000000000000001+0j),(4.968590895234075+0.39503905012007323j),(0.000628182095318505-0.007900781002401465j),(0.0006281820953185048-0.007900781002401464j),(0.0006281820953185147-0.007900781002401465j),(-0.0006281820953185115+0.007900781002401465j)
(30380.772772772772+0j),(-0.00015304546653748273-1.2148423183774777e-05j),(4.999999999999999+1.1102230246251565e-16j),(4.968693655118906+0.39439638259468524j),(0.000626126897621856-0.007887927651893707j),(0.0006261268976218559-0.007887927651893705j),(0.0006261268976218659-0.007887927651893703j),(-0.000626126897621867+0.007887927651893705j)
(30430.82182182182+0j),(-0.00015254558202910714-1.2088827150364034e-05j),(5.000000000000001-5.551115123125783e-17j),(4.968795912576375+0.39375578941756667j),(0.0006240817484725114-0.007875115788351336j),(0.0006240817484725114-0.007875115788351336j),(0.0006240817484725092-0.007875115788351334j),(-0.0006240817484725117+0.007875115788351334j)
(30480.87087087087+0j),(-0.00015204813757811432-1.2029619892673132e-05j),(5+0j),(4.9688976708697385+0.3931172606274983j),(0.0006220465826052208-0.007862345212549969j),(0.0006220465826052207-0.007862345212549969j),(0.000622046582605229-0.007862345212549967j),(-0.000622046582605222+0.007862345212549965j)
(30530.919919919917+0j),(-0.00015155311736259576-1.197079824886426e-05j),(4.999999999999999+0j),(4.968998933235867+0.392480786326504j),(0.0006200213352826424-0.00784961572653008j),(0.0006200213352826426-0.00784961572653008j),(0.0006200213352826367-0.00784961572653008j),(-0.0006200213352826333+0.00784961572653008j)
(30580.968968968966+0j),(-0.0001510605056884091-1.1912359087875691e-05j),(5.000000000000001+0j),(4.969099702885489+0.3918463566793532j),(0.0006180059422902401-0.007836927133587064j),(0.0006180059422902402-0.007836927133587064j),(0.0006180059422902318-0.007836927133587064j),(-0.0006180059422902263+0.007836927133587064j)
(30631.018018018018+0j),(-0.00015057028698794384-1.1854299309073108e-05j),(5+5.551115123125783e-17j),(4.969199983003438+0.3912139619130666j),(0.0006160003399312304-0.007824279238261329j),(0.0006160003399312304-0.007824279238261329j),(0.000616000339931233-0.00782427923826133j),(-0.0006160003399312275+0.00782427923826133j)
(30681.067067067066+0j),(-0.00015008244581890293-1.1796615841905653e-05j),(5+0j),(4.969299776748921+0.39058359231643014j),(0.0006140044650215972-0.0078116718463286j),(0.0006140044650215972-0.007811671846328601j),(0.000614004465021587-0.007811671846328603j),(-0.0006140044650215955+0.007811671846328603j)
(30731.116116116114+0j),(-0.0001495969668630955-1.1739305645566186e-05j),(5-5.551115123125783e-17j),(4.969399087255742+0.3899552382395092j),(0.0006120182548851517-0.0077991047647901855j),(0.0006120182548851517-0.007799104764790186j),(0.0006120182548851539-0.0077991047647901855j),(-0.000612018254885164+0.0077991047647901855j)
(30781.165165165163+0j),(-0.00014911383492524538-1.1682365708656149e-05j),(5+5.551115123125783e-17j),(4.969497917632567+0.3893288900931719j),(0.0006100416473486584-0.007786577801863438j),(0.0006100416473486583-0.007786577801863437j),(0.0006100416473486625-0.007786577801863437j),(-0.000610041647348663+0.007786577801863438j)
(30831.21421421421+0j),(-0.00014863303493181123-1.1625793048854467e-05j),(4.999999999999999+0j),(4.969596270963149+0.38870453834861124j),(0.0006080745807370025-0.007774090766972223j),(0.0006080745807370027-0.007774090766972224j),(0.0006080745807370036-0.007774090766972225j),(-0.0006080745807370002+0.007774090766972225j)
(30881.263263263263+0j),(-0.00014815455192982108-1.1569584712590956e-05j),(5+5.551115123125783e-17j),(4.969694150306579+0.3880821735368775j),(0.0006061169938684245-0.007761643470737548j),(0.0006061169938684247-0.007761643470737547j),(0.0006061169938684153-0.007761643470737549j),(-0.0006061169938684045+0.007761643470737549j)
(30931.31231231231+0j),(-0.00014767837108571873-1.1513737774723734e-05j),(5.000000000000001+5.551115123125783e-17j),(4.96979155869751+0.3874617862484106j),(0.0006041688260497982-0.0077492357249682115j),(0.0006041688260497982-0.007749235724968211j),(0.0006041688260498113-0.0077492357249682115j),(-0.0006041688260498107+0.007749235724968211j)
(30981.36136136136+0j),(-0.00014720447768422408-1.1458249338220858e-05j),(5-5.551115123125783e-17j),(4.969888499146402+0.38684336713257966j),(0.0006022300170719666-0.007736867342651593j),(0.0006022300170719666-0.007736867342651593j),(0.0006022300170719675-0.007736867342651594j),(-0.0006022300170719675+0.007736867342651595j)
(31031.410410410408+0j),(-0.00014673285712720502-1.1403116533845947e-05j),(5-5.551115123125783e-17j),(4.969984974639743+0.38622690689722466j),(0.000600300507205126-0.007724538137944495j),(0.000600300507205126-0.007724538137944495j),(0.0006003005072051337-0.007724538137944495j),(-0.000600300507205137+0.007724538137944496j)
(31081.459459459456+0j),(-0.00014626349493256275-1.13483365198479e-05j),(5+0j),(4.970080988140287+0.3856123963082041j),(0.0005983802371942648-0.007712247926164079j),(0.0005983802371942648-0.0077122479261640805j),(0.0005983802371942559-0.007712247926164082j),(-0.0005983802371942703+0.007712247926164083j)
(31131.508508508505+0j),(-0.00014579637673312905-1.1293906481654483e-05j),(5+0j),(4.970176542587267+0.38499982618894474j),(0.0005964691482546492-0.007699996523778894j),(0.0005964691482546492-0.007699996523778896j),(0.0005964691482546592-0.007699996523778895j),(-0.0005964691482546711+0.007699996523778894j)
(31181.557557557557+0j),(-0.0001453314882755753-1.123982363156985e-05j),(5+0j),(4.970271640896632+0.38438918741999867j),(0.0005945671820673618-0.0076877837483999715j),(0.0005945671820673617-0.007687783748399972j),(0.0005945671820673582-0.007687783748399973j),(-0.0005945671820673479+0.007687783748399972j)
(31231.606606606605+0j),(-0.00014486881541933458-1.1186085208475915e-05j),(5+0j),(4.970366285961256+0.3837804709386007j),(0.0005926742807748875-0.007675609418772014j),(0.0005926742807748875-0.007675609418772015j),(0.000592674280774883-0.0076756094187720135j),(-0.000592674280774884+0.007675609418772016j)
(31281.655655655653+0j),(-0.00014440834413553434-1.1132688477537453e-05j),(5+5.551115123125783e-17j),(4.9704604806511625+0.38317366773823297j),(0.0005907903869767485-0.007663473354764658j),(0.0005907903869767483-0.007663473354764657j),(0.0005907903869767495-0.007663473354764658j),(-0.0005907903869767536+0.007663473354764657j)
(31331.7047047047+0j),(-0.00014395006050594222-1.1079630729911005e-05j),(5.000000000000001+0j),(4.970554227813742+0.3825687688681917j),(0.0005889154437251888-0.007651375377363833j),(0.0005889154437251887-0.007651375377363834j),(0.0005889154437251776-0.007651375377363834j),(-0.000588915443725177+0.007651375377363832j)
(31381.75375375375+0j),(-0.00014349395072192178-1.1026909282457338e-05j),(5+0j),(4.970647530273956+0.38196576543315763j),(0.0005870493945209008-0.007639315308663152j),(0.0005870493945209007-0.007639315308663152j),(0.0005870493945208821-0.007639315308663153j),(-0.0005870493945208874+0.007639315308663152j)
(31431.802802802802+0j),(-0.0001430400010834018-1.0974521477457743e-05j),(5+0j),(4.9707403908345595+0.3813646485927732j),(0.000585192183308809-0.007627292971855465j),(0.0005851921833088089-0.007627292971855466j),(0.0005851921833088092-0.007627292971855464j),(-0.0005851921833088107+0.007627292971855462j)
(31481.85185185185+0j),(-0.00014258819799785452-1.0922464682333637e-05j),(4.999999999999999+0j),(4.970832812276305+0.38076540956121985j),(0.0005833437544738875-0.007615308191224395j),(0.0005833437544738876-0.007615308191224397j),(0.0005833437544738906-0.007615308191224397j),(-0.0005833437544738863+0.007615308191224399j)
(31531.9009009009+0j),(-0.00014213852797928707-1.0870736289369908e-05j),(5+0j),(4.9709247973581485+0.3801680396068016j),(0.0005815040528370333-0.007603360792136031j),(0.0005815040528370333-0.007603360792136032j),(0.0005815040528370297-0.007603360792136033j),(-0.0005815040528370402+0.007603360792136031j)
(31581.949949949947+0j),(-0.0001416909776472422-1.0819333715441587e-05j),(5.000000000000001+5.551115123125783e-17j),(4.971016348817452+0.3795725300515313j),(0.0005796730236509773-0.007591450601030623j),(0.0005796730236509774-0.007591450601030624j),(0.0005796730236509796-0.007591450601030625j),(-0.0005796730236509903+0.007591450601030625j)
(31631.998998998995+0j),(-0.00014124553372581153-1.0768254401744062e-05j),(5+0j),(4.971107469370187+0.37897887227072147j),(0.000577850612596246-0.007579577445414426j),(0.0005778506125962461-0.007579577445414427j),(0.0005778506125962579-0.00757957744541443j),(-0.0005778506125962528+0.007579577445414429j)
(31682.048048048047+0j),(-0.0001408021830426583-1.0717495813526562e-05j),(5+0j),(4.9711981617111425+0.3783870576925783j),(0.0005760367657771618-0.0075677411538515645j),(0.0005760367657771619-0.007567741153851565j),(0.0005760367657771504-0.007567741153851566j),(-0.0005760367657771555+0.007567741153851566j)
(31732.097097097096+0j),(-0.00014036091252805113-1.0667055439829051e-05j),(5.000000000000001+0j),(4.971288428514106+0.37779707779779986j),(0.0005742314297178919-0.007555941555955994j),(0.0005742314297178919-0.007555941555955995j),(0.0005742314297178907-0.007555941555955997j),(-0.0005742314297178809+0.0075559415559559966j)
(31782.146146146144+0j),(-0.00013992170921390865-1.0616930793222359e-05j),(5+0j),(4.971378272432074+0.37720892411917667j),(0.0005724345513585354-0.007544178482383531j),(0.0005724345513585355-0.007544178482383533j),(0.0005724345513585228-0.007544178482383534j),(-0.0005724345513585283+0.007544178482383532j)
(31832.195195195192+0j),(-0.00013948456023285354-1.0567119409551524e-05j),(5+5.551115123125783e-17j),(4.971467696097437+0.3766225882411974j),(0.0005706460780512538-0.007532451764823946j),(0.0005706460780512539-0.007532451764823946j),(0.0005706460780512579-0.007532451764823946j),(-0.0005706460780512472+0.007532451764823948j)
(31882.24424424424+0j),(-0.000139049452817278-1.0517618847682427e-05j),(4.999999999999999+0j),(4.971556702122177+0.37603806179965754j),(0.0005688659575564478-0.007520761235993152j),(0.0005688659575564479-0.007520761235993151j),(0.0005688659575564436-0.007520761235993151j),(-0.0005688659575564525+0.007520761235993151j)
(31932.293293293293+0j),(-0.00013861637429841828-1.0468426689251447e-05j),(5-5.551115123125783e-17j),(4.971645293098053+0.3754553364812715j),(0.0005670941380389684-0.007509106729625432j),(0.0005670941380389685-0.007509106729625432j),(0.0005670941380389394-0.007509106729625431j),(-0.0005670941380389419+0.007509106729625431j)
(31982.34234234234+0j),(-0.00013818531210543964-1.0419540538418316e-05j),(5+0j),(4.971733471596781+0.37487440402328776j),(0.0005653305680643743-0.007497488080465753j),(0.0005653305680643743-0.007497488080465755j),(0.0005653305680643861-0.007497488080465756j),(-0.0005653305680643901+0.0074974880804657565j)
(32032.39139139139+0j),(-0.00013775625376453158-1.0370958021621966e-05j),(5.000000000000001+5.551115123125783e-17j),(4.9718212401702395+0.3742952562131086j),(0.0005635751965952261-0.007485905124262171j),(0.0005635751965952261-0.00748590512426217j),(0.0005635751965952274-0.007485905124262171j),(-0.0005635751965952195+0.007485905124262169j)
(32082.440440440438+0j),(-0.00013732918689801125-1.0322676787339406e-05j),(5+0j),(4.971908601350629+0.37371788488791163j),(0.000561827972987422-0.007474357697758231j),(0.0005618279729874221-0.007474357697758232j),(0.0005618279729874231-0.007474357697758233j),(-0.0005618279729874276+0.007474357697758233j)
(32132.489489489486+0j),(-0.0001369040992234389-1.0274694505847666e-05j),(5+5.551115123125783e-17j),(4.971995557650671+0.37314228193427756j),(0.0005600888469865754-0.007462845638685547j),(0.0005600888469865756-0.007462845638685549j),(0.0005600888469865773-0.007462845638685551j),(-0.0005600888469865785+0.007462845638685551j)
(32182.538538538538+0j),(-0.00013648097855274051-1.0227008868988506e-05j),(5+0j),(4.972082111563779+0.37256843928781713j),(0.0005583577687244246-0.007451368785756344j),(0.0005583577687244246-0.007451368785756343j),(0.0005583577687244202-0.007451368785756343j),(-0.0005583577687244197+0.007451368785756342j)
(32232.587587587586+0j),(-0.00013605981279134097-1.0179617589936152e-05j),(5.000000000000001+0j),(4.972168265564237+0.37199634893280553j),(0.0005566346887152868-0.007439926978656111j),(0.0005566346887152869-0.007439926978656112j),(0.000556634688715274-0.0074399269786561105j),(-0.0005566346887152761+0.00743992697865611j)
(32282.636636636635+0j),(-0.0001356405899373066-1.0132518402967858e-05j),(5.000000000000001+5.551115123125783e-17j),(4.972254022107374+0.37142600290181726j),(0.0005549195578525492-0.007428520058036343j),(0.0005549195578525491-0.007428520058036342j),(0.0005549195578525357-0.007428520058036344j),(-0.0005549195578525256+0.007428520058036345j)
(32332.685685685683+0j),(-0.0001352232980804962-1.0085709063237193e-05j),(5.000000000000001+0j),(4.972339383629742+0.3708573932753645j),(0.0005532123274051918-0.007417147865507293j),(0.0005532123274051917-0.007417147865507292j),(0.0005532123274051771-0.00741714786550729j),(-0.0005532123274051837+0.007417147865507288j)
(32382.73473473473+0j),(-0.00013480792540172153-1.0039187346550283e-05j),(5+0j),(4.972424352549283+0.3702905121815419j),(0.0005515129490143591-0.0074058102436308365j),(0.000551512949014359-0.0074058102436308365j),(0.0005515129490143344-0.007405810243630838j),(-0.0005515129490143295+0.007405810243630838j)
(32432.783783783783+0j),(-0.00013439446017191696-9.992951049144584e-06j),(5.000000000000001+0j),(4.972508931265503+0.3697253517956689j),(0.0005498213746899536-0.007394507035913378j),(0.0005498213746899536-0.007394507035913379j),(0.0005498213746899516-0.007394507035913378j),(-0.0005498213746899483+0.007394507035913378j)
(32482.83283283283+0j),(-0.00013398289075131715-9.946997987470517e-06j),(5.000000000000001+5.551115123125783e-17j),(4.972593122159637+0.36916190433994084j),(0.0005481375568072784-0.007383238086798816j),(0.0005481375568072783-0.007383238086798815j),(0.0005481375568072799-0.007383238086798816j),(-0.0005481375568072712+0.007383238086798815j)
(32532.88188188188+0j),(-0.00013357320558864434-9.901325997975661e-06j),(5+5.551115123125783e-17j),(4.972676927594815+0.368600162083079j),(0.0005464614481037062-0.00737200324166158j),(0.0005464614481037062-0.007372003241661579j),(0.0005464614481036989-0.007372003241661579j),(-0.000546461448103705+0.007372003241661579j)
(32582.93093093093+0j),(-0.0001331653932203035-9.855932936891628e-06j),(5+0j),(4.972760349916231+0.36804011733998615j),(0.0005447930016753886-0.007360802346799723j),(0.0005447930016753885-0.007360802346799723j),(0.0005447930016753766-0.007360802346799723j),(-0.0005447930016753803+0.007360802346799724j)
(32632.979979979977+0j),(-0.00013275944226958668-9.810816680023527e-06j),(5+5.551115123125783e-17j),(4.972843391451301+0.3674817624714048j),(0.0005431321709740001-0.007349635249428097j),(0.0005431321709739999-0.007349635249428096j),(0.0005431321709739833-0.007349635249428095j),(-0.0005431321709739937+0.0073496352494280956j)
(32683.02902902903+0j),(-0.00013235534144588498-9.76597512254193e-06j),(5.000000000000001+5.551115123125783e-17j),(4.972926054509825+0.36692508988357686j),(0.0005414789098035124-0.007338501797671536j),(0.0005414789098035124-0.0073385017976715355j),(0.0005414789098035122-0.007338501797671536j),(-0.0005414789098035119+0.007338501797671536j)
(32733.078078078077+0j),(-0.00013195307954390966-9.72140617877742e-06j),(5+5.551115123125783e-17j),(4.9730083413841495+0.36637009202790816j),(0.0005398331723170072-0.007327401840558161j),(0.0005398331723170072-0.00732740184055816j),(0.0005398331723170102-0.007327401840558162j),(-0.0005398331723169975+0.007327401840558162j)
(32783.127127127125+0j),(-0.00013155264544292093-9.677107782017619e-06j),(5+5.551115123125783e-17j),(4.973090254349323+0.36581676140063574j),(0.0005381949130135216-0.007316335228012714j),(0.0005381949130135215-0.007316335228012715j),(0.000538194913013541-0.007316335228012714j),(-0.0005381949130135386+0.007316335228012713j)
(32833.17617617617+0j),(-0.00013115402810596474-9.633077884306601e-06j),(5.000000000000001+0j),(4.973171795663254+0.3652650905424968j),(0.0005365640867349237-0.007305301810849936j),(0.0005365640867349238-0.0073053018108499386j),(0.0005365640867349341-0.007305301810849936j),(-0.000536564086734935+0.007305301810849934j)
(32883.22522522522+0j),(-0.000130757216579118-9.589314456246828e-06j),(5+1.1102230246251565e-16j),(4.973252967566859+0.3647150720384018j),(0.0005349406486628255-0.007294301440768033j),(0.0005349406486628255-0.007294301440768033j),(0.0005349406486628184-0.0072943014407680345j),(-0.0005349406486628191+0.007294301440768033j)
(32933.27427427427+0j),(-0.00013036219999074128-9.545815486803325e-06j),(5+0j),(4.9733337722842235+0.3641666985171087j),(0.0005333245543155223-0.007283333970342173j),(0.0005333245543155221-0.007283333970342172j),(0.0005333245543155307-0.007283333970342174j),(-0.0005333245543155328+0.007283333970342174j)
(32983.32332332332+0j),(-0.00012996896755073989-9.502578983110417e-06j),(5-5.551115123125783e-17j),(4.973414212022751+0.3636199626509035j),(0.0005317157595449718-0.007272399253018075j),(0.0005317157595449718-0.007272399253018073j),(0.0005317157595449729-0.0072723992530180715j),(-0.0005317157595449879+0.007272399253018072j)
(33033.37237237237+0j),(-0.0001295775085498319-9.459602970280597e-06j),(5+0j),(4.97349428897331+0.36307485715528004j),(0.000530114220533799-0.0072614971431056025j),(0.0005301142205337989-0.0072614971431056025j),(0.0005301142205338038-0.007261497143105601j),(-0.0005301142205338047+0.007261497143105601j)
(33083.42142142142+0j),(-0.00012918781235882486-9.416885491215772e-06j),(5.000000000000001-5.551115123125783e-17j),(4.973574005310384+0.3625313747886238j),(0.0005285198937923331-0.007250627495772475j),(0.000528519893792333-0.007250627495772475j),(0.0005285198937923319-0.007250627495772477j),(-0.0005285198937923265+0.007250627495772476j)
(33133.47047047047+0j),(-0.00012879986842789866-9.374424606420742e-06j),(4.999999999999999+0j),(4.9736533631922155+0.3619895083518982j),(0.0005269327361556754-0.0072397901670379645j),(0.0005269327361556753-0.007239790167037964j),(0.0005269327361556719-0.007239790167037964j),(-0.0005269327361556718+0.0072397901670379645j)
(33183.51951951952+0j),(-0.00012841366628589722-9.332218393818958e-06j),(5.000000000000001-5.551115123125783e-17j),(4.97373236476096+0.36144925068833594j),(0.0005253527047808021-0.0072289850137667215j),(0.0005253527047808021-0.007228985013766721j),(0.0005253527047808149-0.00722898501376672j),(-0.0005253527047808203+0.007228985013766719j)
(33233.56856856857+0j),(-0.0001280291955396265-9.290264948570405e-06j),(5+1.1102230246251565e-16j),(4.973811012142815+0.36091059468312886j),(0.000523779757143689-0.007218211893662577j),(0.0005237797571436889-0.007218211893662576j),(0.0005237797571436964-0.007218211893662575j),(-0.0005237797571436971+0.007218211893662576j)
(33283.617617617616+0j),(-0.00012764644587316058-9.248562382891707e-06j),(5+5.551115123125783e-17j),(4.973889307448176+0.36037353326312366j),(0.0005222138510364737-0.007207470665262474j),(0.0005222138510364736-0.007207470665262472j),(0.0005222138510364793-0.007207470665262472j),(-0.000522213851036485+0.0072074706652624715j)
(33333.666666666664+0j),(-0.0001272654070471544-9.207108825878364e-06j),(5.000000000000001-5.551115123125783e-17j),(4.973967252771769+0.3598380593965195j),(0.0005206549445646424-0.007196761187930396j),(0.0005206549445646423-0.007196761187930395j),(0.0005206549445646402-0.007196761187930392j),(-0.0005206549445646406+0.007196761187930391j)
(33383.71571571571+0j),(-0.00012688606889816345-9.165902423329086e-06j),(5+0j),(4.974044850192788+0.359304166092568j),(0.0005191029961442479-0.007186083321851362j),(0.0005191029961442478-0.00718608332185136j),(0.000519102996144234-0.00718608332185136j),(-0.0005191029961442404+0.007186083321851359j)
(33433.76476476476+0j),(-0.0001265084213379717-9.124941337572242e-06j),(5-5.551115123125783e-17j),(4.974122101775042+0.358771846401275j),(0.0005175579644991563-0.0071754369280255005j),(0.0005175579644991564-0.0071754369280255005j),(0.0005175579644991579-0.007175436928025501j),(-0.0005175579644991526+0.007175436928025502j)
(33483.81381381381+0j),(-0.00012613245435292466-9.084223747294318e-06j),(5+0j),(4.9741990095670845+0.35824109341310706j),(0.000516019808658321-0.007164821868262142j),(0.000516019808658321-0.007164821868262142j),(0.0005160198086583101-0.007164821868262141j),(-0.0005160198086583134+0.007164821868262142j)
(33533.86286286286+0j),(-0.00012575815800327047-9.043747847370437e-06j),(4.999999999999999+0j),(4.974275575602345+0.35771190025869776j),(0.0005144884879530846-0.007154238005173956j),(0.0005144884879530846-0.007154238005173956j),(0.0005144884879530842-0.007154238005173955j),(-0.0005144884879530916+0.007154238005173956j)
(33583.91191191191+0j),(-0.0001253855224225078-9.003511848696894e-06j),(5+0j),(4.9743518018992745+0.3571842601085596j),(0.0005129639620145115-0.007143685202171191j),(0.0005129639620145115-0.007143685202171191j),(0.0005129639620145099-0.0071436852021711916j),(-0.0005129639620145114+0.007143685202171192j)
(33633.96096096096+0j),(-0.00012501453781673996-8.963513978025643e-06j),(5+0j),(4.974427690461463+0.3566581661727949j),(0.0005114461907707442-0.007133163323455899j),(0.000511446190770744-0.007133163323455899j),(0.000511446190770748-0.007133163323455898j),(-0.0005114461907707555+0.007133163323455896j)
(33684.01001001001+0j),(-0.00012464519446403564-8.923752477800709e-06j),(5+0j),(4.9745032432777805+0.3561336117008125j),(0.0005099351344443875-0.007122672234016251j),(0.0005099351344443875-0.00712267223401625j),(0.0005099351344443903-0.00712267223401625j),(-0.0005099351344443892+0.007122672234016251j)
(33734.05905905906+0j),(-0.0001242774827137965-8.88422560599659e-06j),(5+5.551115123125783e-17j),(4.974578462322504+0.35561058998104444j),(0.0005084307535499222-0.007112211799620887j),(0.0005084307535499222-0.007112211799620887j),(0.00050843075354992-0.007112211799620888j),(-0.0005084307535499316+0.007112211799620888j)
(33784.10810810811+0j),(-0.00012391139298613152-8.844931635958514e-06j),(5-5.551115123125783e-17j),(4.974653349555444+0.35508909434066643j),(0.0005069330088911417-0.00710178188681333j),(0.0005069330088911418-0.007101781886813331j),(0.0005069330088911172-0.00710178188681333j),(-0.0005069330088911145+0.007101781886813331j)
(33834.157157157155+0j),(-0.00012354691577123644-8.805868856244551e-06j),(5-5.551115123125783e-17j),(4.974727906922069+0.35456911814532016j),(0.0005054418615586171-0.007091382362906406j),(0.000505441861558617-0.007091382362906406j),(0.0005054418615586264-0.007091382362906405j),(-0.0005054418615586287+0.007091382362906404j)
(33884.2062062062+0j),(-0.0001231840416287812-8.767035570469632e-06j),(5-5.551115123125783e-17j),(4.974802136353641+0.35405065479883835j),(0.0005039572729271867-0.007081013095976767j),(0.0005039572729271865-0.007081013095976768j),(0.0005039572729271846-0.007081013095976768j),(-0.0005039572729271731+0.007081013095976769j)
(33934.25525525525+0j),(-0.0001228227611873025-8.728430097151331e-06j),(4.999999999999999+0j),(4.974876039767326+0.3535336977429713j),(0.0005024792046534717-0.007070673954859427j),(0.0005024792046534716-0.007070673954859428j),(0.0005024792046534544-0.0070706739548594254j),(-0.000502479204653461+0.007070673954859427j)
(33984.3043043043+0j),(-0.00012246306514360282-8.690050769557505e-06j),(4.999999999999999-5.551115123125783e-17j),(4.9749496190663285+0.35301824045711705j),(0.0005010076186734184-0.007060364809142345j),(0.0005010076186734184-0.007060364809142344j),(0.0005010076186734124-0.007060364809142342j),(-0.0005010076186734262+0.007060364809142343j)
(34034.35335335335+0j),(-0.00012210494426215552-8.651895935555655e-06j),(5+5.551115123125783e-17j),(4.975022876140008+0.35250427645805305j),(0.0004995424771998626-0.007050085529161061j),(0.0004995424771998627-0.007050085529161061j),(0.0004995424771998458-0.00705008552916106j),(-0.0004995424771998478+0.007050085529161061j)
(34084.402402402404+0j),(-0.00012174838937451618-8.613963957464061e-06j),(5.000000000000001+0j),(4.975095812863994+0.351991799299669j),(0.0004980837427201194-0.007039835985993379j),(0.0004980837427201195-0.007039835985993379j),(0.0004980837427201302-0.00703983598599338j),(-0.0004980837427201284+0.00703983598599338j)
(34134.45145145145+0j),(-0.00012139339137873975-8.576253211904703e-06j),(5+0j),(4.97516843110032+0.3514808025727053j),(0.0004966313779936017-0.007029616051454106j),(0.0004966313779936017-0.007029616051454106j),(0.0004966313779936016-0.007029616051454106j),(-0.000496631377993606+0.0070296160514541055j)
(34184.5005005005+0j),(-0.00012103994123880351-8.538762089657798e-06j),(5+0j),(4.975240732697527+0.3509712799044902j),(0.0004951853460494559-0.007019425598089803j),(0.0004951853460494559-0.007019425598089803j),(0.0004951853460494604-0.0070194255980898035j),(-0.000495185346049455+0.007019425598089803j)
(34234.54954954955+0j),(-0.00012068802998403565-8.501488995518052e-06j),(5.000000000000001-5.551115123125783e-17j),(4.97531271949079+0.3504632249586802j),(0.0004937456101842253-0.0070092644991736055j),(0.0004937456101842251-0.007009264499173604j),(0.000493745610184213-0.0070092644991736055j),(-0.0004937456101842229+0.007009264499173604j)
(34284.5985985986+0j),(-0.00012033764870855017-8.46443234815262e-06j),(5+0j),(4.975384393302023+0.34995663143500383j),(0.0004923121339595367-0.006999132628700077j),(0.0004923121339595368-0.006999132628700078j),(0.0004923121339595405-0.006999132628700076j),(-0.0004923121339595395+0.006999132628700076j)
(34334.647647647645+0j),(-0.00011998878857068734-8.427590579960696e-06j),(5+0j),(4.975455755940009+0.349451493069007j),(0.0004908848811998124-0.006989029861380138j),(0.0004908848811998124-0.006989029861380137j),(0.0004908848811998113-0.006989029861380141j),(-0.0004908848811998115+0.006989029861380141j)
(34384.696696696694+0j),(-0.00011964144079245926-8.39096213693465e-06j),(5.000000000000001+0j),(4.975526809200502+0.348947803631799j),(0.0004894638159899993-0.006978956072635981j),(0.0004894638159899993-0.006978956072635981j),(0.0004894638159899855-0.00697895607263598j),(-0.0004894638159899829+0.006978956072635979j)
(34434.74574574574+0j),(-0.00011929559665900127-8.354545478522855e-06j),(5+0j),(4.975597554866335+0.3484455569298028j),(0.00048804890267332583-0.006968911138596057j),(0.00048804890267332583-0.006968911138596056j),(0.00048804890267330594-0.006968911138596056j),(-0.0004880489026733159+0.006968911138596055j)
(34484.79479479479+0j),(-0.00011895124751802934-8.318339077494061e-06j),(4.999999999999999+0j),(4.975667994707544+0.3479447468045063j),(0.0004866401058490811-0.0069588949360901275j),(0.0004866401058490811-0.0069588949360901275j),(0.00048664010584909434-0.006958894936090127j),(-0.00048664010584908296+0.006958894936090128j)
(34534.84384384384+0j),(-0.0001186083847793023-8.282341419803324e-06j),(5-5.551115123125783e-17j),(4.975738130481479+0.3474453671322164j),(0.00048523739037041407-0.00694890734264433j),(0.00048523739037041407-0.006948907342644331j),(0.00048523739037042545-0.006948907342644329j),(-0.00048523739037043337+0.00694890734264433j)
(34584.89289289289+0j),(-0.00011826699991408932-8.246551004459455e-06j),(5+0j),(4.975807963932893+0.34694741182381367j),(0.0004838407213421552-0.006938948236476274j),(0.0004838407213421552-0.006938948236476274j),(0.000483840721342137-0.006938948236476274j),(-0.0004838407213421381+0.006938948236476275j)
(34634.94194194194+0j),(-0.00011792708445464332-8.21096634339402e-06j),(5.000000000000001-5.551115123125783e-17j),(4.975877496794069+0.3464508748245099j),(0.00048245006411866024-0.006929017496490201j),(0.0004824500641186602-0.006929017496490201j),(0.0004824500641186447-0.0069290174964902j),(-0.00048245006411864674+0.0069290174964902j)
(34684.99099099099+0j),(-0.00011758862999367935-8.175585961331859e-06j),(5.000000000000001+0j),(4.9759467307849174+0.34595575011360963j),(0.0004810653843016781-0.006919115002272192j),(0.00048106538430167797-0.006919115002272193j),(0.0004810653843016688-0.006919115002272193j),(-0.00048106538430167656+0.006919115002272193j)
(34735.04004004004+0j),(-0.00011725162818385775-8.14040839566298e-06j),(5+0j),(4.976015667613089+0.3454620317042692j),(0.0004796866477382333-0.0069092406340853845j),(0.00047968664773823333-0.006909240634085384j),(0.00047968664773822666-0.0069092406340853845j),(-0.00047968664773821723+0.006909240634085384j)
(34785.08908908909+0j),(-0.00011691607073727327-8.10543219631608e-06j),(5+0j),(4.976084308974074+0.34496971364326284j),(0.0004783138205185382-0.00689939427286526j),(0.00047831382051853816-0.006899394272865259j),(0.0004783138205185189-0.006899394272865257j),(-0.0004783138205185188+0.006899394272865257j)
(34835.138138138136+0j),(-0.00011658194942494837-8.070655925633343e-06j),(5.000000000000001+0j),(4.976152656551306+0.34447879001074705j),(0.00047694686897391795-0.00688957580021494j),(0.00047694686897391795-0.00688957580021494j),(0.0004769468689739043-0.006889575800214941j),(-0.0004769468689739057+0.0068895758002149405j)
(34885.187187187184+0j),(-0.00011624925607633225-8.036078158246758e-06j),(5+0j),(4.9762207120162625+0.34398925492002763j),(0.0004755857596747601-0.006879785098400551j),(0.00047558575967476005-0.006879785098400551j),(0.0004755857596747504-0.006879785098400553j),(-0.0004755857596747646+0.006879785098400553j)
(34935.23623623623+0j),(-0.00011591798257880452-8.001697480955838e-06j),(5.000000000000001+0j),(4.976288477028577+0.3435011025173309j),(0.000474230459428485-0.0068700220503466174j),(0.00047423045942848497-0.0068700220503466174j),(0.00047423045942847965-0.006870022050346618j),(-0.00047423045942848047+0.0068700220503466174j)
(34985.28528528528+0j),(-0.00011558812087718353-7.967512492606678e-06j),(5+0j),(4.976355953236123+0.3430143269815735j),(0.00047288093527753387-0.006860286539631471j),(0.00047288093527753387-0.006860286539631471j),(0.0004728809352775443-0.006860286539631471j),(-0.0004728809352775448+0.00686028653963147j)
(35035.33433433433+0j),(-0.00011525966297324035-7.933521803972459e-06j),(5-5.551115123125783e-17j),(4.976423142275131+0.34252892252413725j),(0.0004715371544973796-0.006850578450482747j),(0.0004715371544973794-0.006850578450482745j),(0.00047153715449738343-0.006850578450482746j),(-0.00047153715449738814+0.006850578450482747j)
(35085.38338338338+0j),(-0.00011493260092521642-7.89972403763519e-06j),(4.999999999999999+0j),(4.976490045770272+0.34204488338864253j),(0.0004701990845945519-0.006840897667772852j),(0.00047019908459455193-0.006840897667772851j),(0.00047019908459454033-0.00684089766777285j),(-0.0004701990845945406+0.006840897667772851j)
(35135.43243243243+0j),(-0.000114606926847347-7.866117827868932e-06j),(4.999999999999999+0j),(4.976556665334764+0.3415622038507269j),(0.0004688666933046901-0.006831244077014537j),(0.0004688666933046901-0.006831244077014537j),(0.0004688666933047081-0.006831244077014538j),(-0.00046886669330470707+0.006831244077014539j)
(35185.48148148148+0j),(-0.0001142826329093889-7.832701820524221e-06j),(5+0j),(4.97662300257047+0.34108087821782324j),(0.000467539948590607-0.006821617564356466j),(0.00046753994859060694-0.0068216175643564655j),(0.00046753994859059843-0.006821617564356465j),(-0.0004675399485905979+0.006821617564356465j)
(35235.53053053053+0j),(-0.00011395971133615197-7.799474672913818e-06j),(5+0j),(4.976689059067981+0.34060090082894035j),(0.00046621881864037593-0.006812018016578807j),(0.0004662188186403759-0.0068120180165788064j),(0.00046621881864037816-0.006812018016578807j),(-0.0004662188186403856+0.006812018016578807j)
(35285.57957957958+0j),(-0.00011363815440703712-7.766435053699812e-06j),(4.999999999999999+0j),(4.9767548364067276+0.3401222660544458j),(0.00046490327186543643-0.006802445321088916j),(0.0004649032718654365-0.006802445321088917j),(0.0004649032718654311-0.006802445321088916j),(-0.00046490327186543204+0.006802445321088916j)
(35335.62862862863+0j),(-0.00011331795445557703-7.73358164278191e-06j),(5+0j),(4.976820336155064+0.3396449682958503j),(0.00046359327689871803-0.006792899365917007j),(0.0004635932768987179-0.006792899365917006j),(0.0004635932768987239-0.006792899365917006j),(-0.00046359327689872795+0.006792899365917007j)
(35385.677677677675+0j),(-0.00011299910386898227-7.700913131187016e-06j),(5-5.551115123125783e-17j),(4.97688555987036+0.33916900198559324j),(0.00046228880259278037-0.006783380039711869j),(0.00046228880259278037-0.006783380039711867j),(0.00046228880259279847-0.006783380039711866j),(-0.00046228880259280986+0.006783380039711866j)
(35435.72672672672+0j),(-0.00011268159508769151-7.668428220960056e-06j),(5+5.551115123125783e-17j),(4.976950509099101+0.33869436158683147j),(0.0004609898180179758-0.006773887231736628j),(0.00046098981801797587-0.006773887231736627j),(0.00046098981801797836-0.006773887231736628j),(-0.00046098981801797473+0.006773887231736627j)
(35485.77577577577+0j),(-0.00011236542060492662-7.636125625056e-06j),(5.000000000000001+0j),(4.977015185376971+0.33822104159322736j),(0.00045969629246062505-0.006764420831864548j),(0.00045969629246062505-0.006764420831864546j),(0.0004596962924605919-0.006764420831864547j),(-0.00045969629246059643+0.006764420831864545j)
(35535.82482482482+0j),(-0.00011205057296625094-7.6040040672330924e-06j),(5+0j),(4.977079590228939+0.337749036528741j),(0.00045840819542121344-0.00675498073057482j),(0.00045840819542121344-0.006754980730574819j),(0.0004584081954212138-0.00675498073057482j),(-0.0004584081954212178+0.006754980730574818j)
(35585.87387387387+0j),(-0.00011173704476913361-7.572062281947326e-06j),(4.999999999999999+5.551115123125783e-17j),(4.97714372516937+0.3372783409474239j),(0.0004571254966126058-0.006745566818948477j),(0.0004571254966126058-0.0067455668189484765j),(0.00045712549661258706-0.006745566818948477j),(-0.00045712549661259047+0.006745566818948478j)
(35635.922922922924+0j),(-0.0001114248286625164-7.540299014248007e-06j),(5+0j),(4.977207591702086+0.3368089494332121j),(0.0004558481659582748-0.0067361789886642405j),(0.00045584816595827475-0.0067361789886642405j),(0.0004558481659582725-0.006736178988664242j),(-0.00045584816595826966+0.0067361789886642405j)
(35685.97197197197+0j),(-0.00011111391734638578-7.50871301967455e-06j),(5-5.551115123125783e-17j),(4.977271191320472+0.3363408565997233j),(0.00045457617359054986-0.006726817131994467j),(0.0004545761735905498-0.006726817131994466j),(0.0004545761735905529-0.006726817131994467j),(-0.00045457617359054997+0.006726817131994469j)
(35736.02102102102+0j),(-0.00011080430357134875-7.477303064154388e-06j),(5.000000000000001-5.551115123125783e-17j),(4.9773345255075565+0.33587405709005497j),(0.00045330948984888156-0.006717481141801103j),(0.0004533094898488815-0.006717481141801102j),(0.00045330948984888763-0.0067174811418011j),(-0.00045330948984888616+0.0067174811418011j)
(35786.07007007007+0j),(-0.00011049598013821274-7.446067923902022e-06j),(5.000000000000001+0j),(4.977397595736094+0.3354085455765837j),(0.000452048085278123-0.0067081709115316725j),(0.000452048085278123-0.006708170911531673j),(0.00045204808527813615-0.006708170911531675j),(-0.0004520480852781422+0.006708170911531673j)
(35836.11911911912+0j),(-0.00011018893989757006-7.4150063853191924e-06j),(5+5.551115123125783e-17j),(4.977460403468658+0.33494431676076614j),(0.0004507919306268278-0.006698886335215323j),(0.0004507919306268278-0.006698886335215324j),(0.0004507919306268349-0.006698886335215322j),(-0.0004507919306268385+0.006698886335215322j)
(35886.168168168166+0j),(-0.00010988317574938547-7.384117244896152e-06j),(5+0j),(4.977522950157722+0.33448136537294254j),(0.0004495409968455647-0.006689627307458853j),(0.00044954099684556476-0.006689627307458852j),(0.00044954099684556324-0.006689627307458851j),(-0.00044954099684557316+0.006689627307458852j)
(35936.217217217214+0j),(-0.00010957868064258851-7.353399309114046e-06j),(5+0j),(4.977585237245737+0.33401968617214095j),(0.0004482952550852488-0.006680393723442819j),(0.00044829525508524885-0.006680393723442818j),(0.0004482952550852559-0.006680393723442819j),(-0.0004482952550852528+0.006680393723442818j)
(35986.26626626626+0j),(-0.00010927544757466942-7.322851394348323e-06j),(4.999999999999999+0j),(4.977647266165224+0.33355927394588275j),(0.00044705467669548665-0.006671185478917655j),(0.0004470546766954866-0.006671185478917655j),(0.0004470546766954975-0.006671185478917655j),(-0.00044705467669549695+0.006671185478917654j)
(36036.31531531531+0j),(-0.000108973469591279-7.292472326773279e-06j),(5.000000000000001+0j),(4.977709038338854+0.33310012350999113j),(0.0004458192332229405-0.006662002470199822j),(0.0004458192332229405-0.006662002470199822j),(0.0004458192332229416-0.006662002470199823j),(-0.0004458192332229375+0.006662002470199821j)
(36086.36436436436+0j),(-0.00010867273978583202-7.26226094226758e-06j),(5+0j),(4.977770555179514+0.33264222970839896j),(0.00044458889640970525-0.0066528445941679785j),(0.00044458889640970525-0.006652844594167978j),(0.00044458889640971224-0.006652844594167979j),(-0.00044458889640970964+0.00665284459416798j)
(36136.413413413415+0j),(-0.00010837325129911513-7.232216086320896e-06j),(5+0j),(4.977831818090416+0.3321855874129611j),(0.00044336363819170375-0.006643711748259223j),(0.00044336363819170375-0.006643711748259221j),(0.00044336363819168055-0.006643711748259222j),(-0.0004433636381916822+0.006643711748259222j)
(36186.46246246246+0j),(-0.00010807499731889772-7.202336613941493e-06j),(5.000000000000001+0j),(4.977892828465147+0.3317301915232651j),(0.00044214343069709456-0.0066346038304653035j),(0.0004421434306970946-0.006634603830465303j),(0.0004421434306970795-0.006634603830465303j),(-0.00044214343069708817+0.006634603830465302j)
(36236.51151151151+0j),(-0.00010777797107954682-7.172621389564875e-06j),(5+5.551115123125783e-17j),(4.977953587687765+0.33127603696644575j),(0.000440928246244697-0.006625520739328913j),(0.0004409282462446969-0.0066255207393289125j),(0.00044092824624469173-0.006625520739328914j),(-0.00044092824624470187+0.006625520739328913j)
(36286.56056056056+0j),(-0.00010748216586164618-7.143069286963425e-06j),(5+0j),(4.978014097132879+0.33082311869699965j),(0.0004397180573424297-0.006616462373939994j),(0.00043971805734242965-0.006616462373939994j),(0.0004397180573424286-0.006616462373939994j),(-0.00043971805734243497+0.0066164623739399945j)
(36336.60960960961+0j),(-0.00010718757499161793-7.1136791891570255e-06j),(5.000000000000001-5.551115123125783e-17j),(4.9780743581657125+0.33037143169660294j),(0.00043851283668576684-0.0066074286339320625j),(0.0004385128366857668-0.006607428633932061j),(0.0004385128366857671-0.00660742863393206j),(-0.0004385128366857748+0.00660742863393206j)
(36386.658658658656+0j),(-0.00010689419184134856-7.084449988324651e-06j),(5+0j),(4.97813437214219+0.32992097097392814j),(0.0004373125571562047-0.006598419419478563j),(0.0004373125571562047-0.006598419419478563j),(0.00043731255715620423-0.006598419419478563j),(-0.0004373125571562053+0.0065984194194785625j)
(36436.707707707705+0j),(-0.00010660200982781869-7.055380585716939e-06j),(5.000000000000001+0j),(4.978194140409014+0.32947173156446463j),(0.0004361171918197468-0.0065894346312892925j),(0.00043611719181974674-0.006589434631289292j),(0.0004361171918197293-0.0065894346312892925j),(-0.0004361171918197335+0.006589434631289292j)
(36486.75675675675+0j),(-0.00010631102241273529-7.026469891569686e-06j),(5-5.551115123125783e-17j),(4.97825366430373+0.32902370853033874j),(0.00043492671392540006-0.006580474170606776j),(0.0004349267139254001-0.006580474170606776j),(0.00043492671392540315-0.006580474170606776j),(-0.000434926713925414+0.006580474170606776j)
(36536.8058058058+0j),(-0.00010602122310216868-6.997716825018334e-06j),(4.999999999999999+5.551115123125783e-17j),(4.978312945154816+0.32857689696013803j),(0.00043374109690368974-0.006571537939202758j),(0.0004337410969036898-0.006571537939202759j),(0.0004337410969036704-0.0065715379392027595j),(-0.000433741096903667+0.006571537939202761j)
(36586.85485485485+0j),(-0.000105732605446192-6.9691203140133184e-06j),(5.000000000000001+0j),(4.978371984281742+0.3281312919687327j),(0.00043256031436518234-0.006562625839374653j),(0.00043256031436518234-0.006562625839374653j),(0.00043256031436516906-0.006562625839374654j),(-0.0004325603143651678+0.006562625839374654j)
(36636.9039039039+0j),(-0.00010544516303852428-6.940679295236379e-06j),(5+5.551115123125783e-17j),(4.978430782995049+0.32768688869710244j),(0.0004313843400990271-0.006553737773942046j),(0.00043138434009902716-0.006553737773942047j),(0.0004313843400990258-0.006553737773942048j),(-0.00043138434009902527+0.006553737773942048j)
(36686.95295295295+0j),(-0.00010515888951617755-6.912392714017791e-06j),(5+0j),(4.978489342596425+0.327243682312163j),(0.0004302131480715111-0.006544873646243261j),(0.00043021314807151104-0.006544873646243261j),(0.00043021314807150545-0.00654487364624326j),(-0.0004302131480715156+0.00654487364624326j)
(36737.002002002+0j),(-0.00010487377855910625-6.884259524254444e-06j),(5+5.551115123125783e-17j),(4.978547664378769+0.32680166800659377j),(0.0004290467124246248-0.006536033360131876j),(0.0004290467124246248-0.006536033360131876j),(0.00042904671242462557-0.006536033360131874j),(-0.00042904671242462514+0.006536033360131874j)
(36787.05105105105+0j),(-0.00010458982388986052-6.856278688328819e-06j),(5-5.551115123125783e-17j),(4.978605749626269+0.326360840998667j),(0.00042788500747464354-0.006527216819973341j),(0.0004278850074746436-0.006527216819973341j),(0.0004278850074746288-0.006527216819973342j),(-0.00042788500747462793+0.006527216819973342j)
(36837.1001001001+0j),(-0.00010430701927324294-6.828449177028885e-06j),(5-5.551115123125783e-17j),(4.978663599614464+0.3259211965320791j),(0.0004267280077107228-0.006518423930641586j),(0.0004267280077107228-0.006518423930641585j),(0.0004267280077107216-0.0065184239306415835j),(-0.00042672800771073263+0.006518423930641585j)
(36887.14914914915+0j),(-0.0001040253585159677-6.800769969468782e-06j),(5.000000000000001-5.551115123125783e-17j),(4.978721215610325+0.3254827298757823j),(0.00042557568779350404-0.006509654597515646j),(0.000425575687793504-0.0065096545975156465j),(0.0004255756877935113-0.006509654597515647j),(-0.00042557568779350366+0.0065096545975156465j)
(36937.198198198195+0j),(-0.00010374483546632412-6.773240053010431e-06j),(4.999999999999999+0j),(4.978778598872313+0.32504543632381777j),(0.00042442802255373646-0.006500908726476356j),(0.0004244280225537364-0.006500908726476357j),(0.0004244280225537267-0.006500908726476355j),(-0.0004244280225537342+0.006500908726476356j)
(36987.247247247244+0j),(-0.00010346544401384213-6.745858423185939e-06j),(5+0j),(4.978835750650454+0.32460931119515124j),(0.0004232849869909104-0.006492186223903025j),(0.0004232849869909104-0.006492186223903025j),(0.00042328498699092167-0.006492186223903025j),(-0.000423284986990919+0.006492186223903025j)
(37037.29629629629+0j),(-0.00010318717808896165-6.718624083620845e-06j),(5+0j),(4.978892672186405+0.324174349833508j),(0.0004221465562719028-0.006483486996670159j),(0.00042214655627190287-0.006483486996670159j),(0.00042214655627189403-0.006483486996670161j),(-0.00042214655627190184+0.006483486996670161j)
(37087.34534534534+0j),(-0.0001029100316627047-6.691536045958191e-06j),(5+0j),(4.978949364713517+0.32374054760721005j),(0.0004210127057296359-0.006474810952144202j),(0.0004210127057296358-0.006474810952144201j),(0.00042101270572965534-0.006474810952144201j),(-0.00042101270572964325+0.006474810952144201j)
(37137.39439439439+0j),(-0.00010263399874635106-6.6645933297834525e-06j),(5-5.551115123125783e-17j),(4.979005829456912+0.3233078999090166j),(0.0004198834108617511-0.006466157998180334j),(0.0004198834108617511-0.006466157998180332j),(0.0004198834108617611-0.006466157998180333j),(-0.00041988341086174677+0.006466157998180334j)
(37187.443443443444+0j),(-0.00010235907339111593-6.637794962550148e-06j),(5+5.551115123125783e-17j),(4.979062067633536+0.3228764021559611j),(0.0004187586473292887-0.006457528043119222j),(0.0004187586473292886-0.0064575280431192214j),(0.0004187586473292804-0.006457528043119221j),(-0.00041875864732927875+0.0064575280431192214j)
(37237.49249249249+0j),(-0.00010208524968783186-6.611139979506392e-06j),(5+0j),(4.97911808045223+0.32244604978919394j),(0.00041763839095538657-0.006448920995783879j),(0.0004176383909553866-0.00644892099578388j),(0.0004176383909553927-0.006448920995783879j),(-0.00041763839095539795+0.0064489209957838784j)
(37287.54154154154+0j),(-0.00010181252176663278-6.584627423622132e-06j),(5+0j),(4.979173869113801+0.322016838273825j),(0.00041652261772398834-0.006440336765476501j),(0.00041652261772398834-0.0064403367654765j),(0.0004165226177239845-0.0064403367654764995j),(-0.0004165226177239855+0.0064403367654764995j)
(37337.59059059059+0j),(-0.00010154088379664091-6.558256345517171e-06j),(5+0j),(4.979229434811072+0.32158876309876605j),(0.00041541130377856147-0.00643177526197532j),(0.00041541130377856147-0.00643177526197532j),(0.00041541130377856564-0.0064317752619753215j),(-0.0004154113037785692+0.0064317752619753215j)
(37387.63963963964+0j),(-0.00010127032998565741-6.532025803390006e-06j),(5+5.551115123125783e-17j),(4.979284778728959+0.32116181977657626j),(0.000414304425420831-0.006423236395531526j),(0.00041430442542083094-0.006423236395531526j),(0.00041430442542081283-0.006423236395531524j),(-0.0004143044254208139+0.006423236395531525j)
(37437.688688688686+0j),(-0.00010100085457985481-6.5059348629473685e-06j),(5.000000000000001-5.551115123125783e-17j),(4.979339902044526+0.32073600384330825j),(0.0004132019591095225-0.006414720076866164j),(0.0004132019591095226-0.006414720076866163j),(0.00041320195910950376-0.006414720076866166j),(-0.0004132019591094986+0.006414720076866166j)
(37487.737737737734+0j),(-0.00010073245186347308-6.479982597334522e-06j),(5-5.551115123125783e-17j),(4.979394805927045+0.3203113108583543j),(0.0004121038814591167-0.006406226217167087j),(0.00041210388145911667-0.0064062262171670865j),(0.00041210388145909607-0.006406226217167087j),(-0.0004121038814591111+0.006406226217167088j)
(37537.78678678678+0j),(-0.00010046511615851811-6.454168087066331e-06j),(5+0j),(4.979449491538068+0.3198877364042962j),(0.0004110101692386176-0.006397754728085924j),(0.0004110101692386176-0.0063977547280859234j),(0.00041101016923864367-0.0063977547280859234j),(-0.00041101016923863337+0.0063977547280859234j)
(37587.83583583583+0j),(-0.00010019884182446333-6.428490419959023e-06j),(5.000000000000001+0j),(4.979503960031485+0.31946527608675374j),(0.0004099207993703294-0.006389305521735073j),(0.00040992079937032946-0.006389305521735074j),(0.00040992079937032246-0.006389305521735075j),(-0.000409920799370328+0.006389305521735075j)
(37637.88488488488+0j),(-9.993362325795335e-05-6.402948691062671e-06j),(5+5.551115123125783e-17j),(4.979558212553568+0.3190439255342351j),(0.0004088357489286462-0.0063808785106847015j),(0.00040883574892864623-0.0063808785106847015j),(0.0004088357489286487-0.0063808785106847015j),(-0.00040883574892864455+0.006380878510684701j)
(37687.933933933935+0j),(-9.96694548925112e-05-6.377542002594411e-06j),(5+0j),(4.979612250243058+0.3186236803979897j),(0.0004077549951388521-0.006372473607959795j),(0.0004077549951388521-0.006372473607959795j),(0.00040775499513884484-0.0063724736079597945j),(-0.00040775499513884955+0.0063724736079597945j)
(37737.98298298298+0j),(-9.940633119824784e-05-6.352269463872372e-06j),(5+0j),(4.979666074231202+0.31820453635186086j),(0.00040667851537593404-0.006364090727037215j),(0.0004066785153759341-0.006364090727037216j),(0.0004066785153759511-0.006364090727037217j),(-0.00040667851537595084+0.006364090727037216j)
(37788.03203203203+0j),(-9.914424668157413e-05-6.327130191250225e-06j),(5-5.551115123125783e-17j),(4.979719685641831+0.3177864890921389j),(0.00040560628716340154-0.006355729781842782j),(0.00040560628716340143-0.006355729781842781j),(0.000405606287163387-0.00635572978184278j),(-0.00040560628716339656+0.00635572978184278j)
(37838.08108108108+0j),(-9.88831958849157e-05-6.3021233080525385e-06j),(5+0j),(4.979773085591394+0.3173695343374184j),(0.0004045382881721228-0.006347390686748368j),(0.00040453828817212274-0.006347390686748367j),(0.000404538288172116-0.006347390686748368j),(-0.000404538288172121+0.006347390686748368j)
(37888.13013013013+0j),(-9.862317338643049e-05-6.277247944510688e-06j),(5+0j),(4.979826275189041+0.316953667828452j),(0.00040347449621916577-0.0063390733565690405j),(0.0004034744962191657-0.0063390733565690405j),(0.0004034744962191717-0.0063390733565690405j),(-0.0004034744962191743+0.0063390733565690405j)
(37938.17917917918+0j),(-9.836417379972892e-05-6.2525032376995624e-06j),(5+0j),(4.979879255536668+0.3165388853280105j),(0.0004024148892666551-0.006330777706560211j),(0.0004024148892666551-0.006330777706560211j),(0.0004024148892666446-0.00633077770656021j),(-0.0004024148892666467+0.00633077770656021j)
(37988.228228228225+0j),(-9.810619177359589e-05-6.227888331474799e-06j),(5-5.551115123125783e-17j),(4.979932027728968+0.31612518262073913j),(0.0004013594454206342-0.006322503652414785j),(0.00040135944542063425-0.006322503652414785j),(0.00040135944542063484-0.006322503652414784j),(-0.0004013594454206279+0.006322503652414784j)
(38038.27727727727+0j),(-9.784922199171654e-05-6.2034023764108075e-06j),(5+5.551115123125783e-17j),(4.979984592853503+0.31571255551301913j),(0.00040030814292994353-0.006314251110260383j),(0.00040030814292994337-0.006314251110260382j),(0.00040030814292993714-0.0063142511102603814j),(-0.0004003081429299407+0.006314251110260381j)
(38088.32632632632+0j),(-9.75932591724033e-05-6.179044529739312e-06j),(5-5.551115123125783e-17j),(4.980036951990745+0.3153009998328264j),(0.00039926096018510186-0.006306019996656529j),(0.00039926096018510186-0.006306019996656529j),(0.00039926096018509937-0.006306019996656529j),(-0.00039926096018510007+0.0063060199966565285j)
(38138.37537537537+0j),(-9.733829806832643e-05-6.15481395528867e-06j),(5.000000000000001-5.551115123125783e-17j),(4.98008910621414+0.31489051142959557j),(0.0003982178757172067-0.006297810228591913j),(0.0003982178757172066-0.006297810228591912j),(0.000398217875717215-0.006297810228591913j),(-0.000398217875717203+0.006297810228591913j)
(38188.424424424426+0j),(-9.708433346624593e-05-6.130709823423675e-06j),(4.999999999999999+0j),(4.980141056590157+0.31448108617408066j),(0.00039717886819683505-0.006289621723481614j),(0.00039717886819683505-0.0062896217234816145j),(0.0003971788681968391-0.006289621723481614j),(-0.0003971788681968527+0.006289621723481614j)
(38238.473473473474+0j),(-9.683136018674728e-05-6.106731310986133e-06j),(5.000000000000001+0j),(4.980192804178353+0.3140727199582209j),(0.0003961439164329629-0.006281454399164418j),(0.0003961439164329628-0.006281454399164417j),(0.00039614391643295833-0.006281454399164418j),(-0.0003961439164329624+0.006281454399164418j)
(38288.52252252252+0j),(-9.657937308397784e-05-6.082877601235913e-06j),(4.999999999999999+0j),(4.980244350031405+0.3136654086950035j),(0.0003951129993718863-0.006273308173900071j),(0.0003951129993718862-0.00627330817390007j),(0.00039511299937188937-0.00627330817390007j),(-0.0003951129993718868+0.00627330817390007j)
(38338.57157157157+0j),(-9.632836704538747e-05-6.0591478837927495e-06j),(5.000000000000001+0j),(4.980295695195193+0.31325914831833207j),(0.0003940860960961609-0.006265182966366642j),(0.00039408609609616085-0.006265182966366642j),(0.0003940860960961601-0.0062651829663666414j),(-0.00039408609609615716+0.006265182966366641j)
(38388.62062062062+0j),(-9.607833699146981e-05-6.035541354578516e-06j),(5-5.551115123125783e-17j),(4.980346840708823+0.31285393478289125j),(0.00039306318582354224-0.006257078695657827j),(0.00039306318582354224-0.006257078695657827j),(0.00039306318582353226-0.006257078695657827j),(-0.0003930631858235431+0.006257078695657827j)
(38438.66966966967+0j),(-9.582927787550717e-05-6.012057215760198e-06j),(5+0j),(4.980397787604702+0.3124497640640163j),(0.00039204424790594293-0.006248995281280328j),(0.0003920442479059429-0.006248995281280328j),(0.0003920442479059538-0.0062489952812803265j),(-0.0003920442479059607+0.0062489952812803265j)
(38488.718718718716+0j),(-9.558118468331709e-05-5.988694675693404e-06j),(4.999999999999999+5.551115123125783e-17j),(4.98044853690858+0.3120466321575615j),(0.0003910292618283946-0.006240932643151231j),(0.00039102926182839467-0.006240932643151231j),(0.00039102926182838616-0.00624093264315123j),(-0.00039102926182839684+0.00624093264315123j)
(38538.767767767764+0j),(-9.533405243300106e-05-5.965452948866452e-06j),(4.999999999999999+5.551115123125783e-17j),(4.980499089639598+0.31164453507976964j),(0.0003900182072080207-0.0062328907015953925j),(0.0003900182072080207-0.0062328907015953925j),(0.0003900182072080227-0.006232890701595392j),(-0.0003900182072080239+0.006232890701595392j)
(38588.81681681681+0j),(-9.508787617469613e-05-5.942331255845075e-06j),(4.999999999999999+5.551115123125783e-17j),(4.980549446810348+0.3112434688671439j),(0.00038901106379301935-0.006224869377342876j),(0.00038901106379301935-0.006224869377342876j),(0.00038901106379302775-0.006224869377342877j),(-0.00038901106379302103+0.006224869377342877j)
(38638.86586586586+0j),(-9.484265099032806e-05-5.9193288232176505e-06j),(5+0j),(4.980599609426918+0.31084342957631883j),(0.00038800781146165346-0.006216868591526379j),(0.00038800781146165346-0.0062168685915263795j),(0.0003880078114616481-0.006216868591526377j),(-0.000388007811461654+0.006216868591526376j)
(38688.91491491491+0j),(-9.4598371993367e-05-5.896444883541031e-06j),(4.999999999999999+0j),(4.980649578488936+0.3104444132839343j),(0.0003870084302212522-0.006208888265678687j),(0.0003870084302212523-0.006208888265678687j),(0.00038700843022125396-0.006208888265678686j),(-0.0003870084302212521+0.006208888265678687j)
(38738.963963963964+0j),(-9.435503432858541e-05-5.873678675286882e-06j),(4.999999999999999+0j),(4.980699354989638+0.3100464160865082j),(0.0003860129002072187-0.006200928321730164j),(0.0003860129002072187-0.006200928321730164j),(0.0003860129002072199-0.006200928321730164j),(-0.00038601290020721934+0.006200928321730165j)
(38789.01301301301+0j),(-9.411263317181818e-05-5.851029442788635e-06j),(5-5.551115123125783e-17j),(4.980748939915898+0.309649434100312j),(0.00038502120168204903-0.006192988682006242j),(0.00038502120168204903-0.006192988682006241j),(0.00038502120168203645-0.0061929886820062405j),(-0.00038502120168204534+0.0061929886820062405j)
(38839.06206206206+0j),(-9.387116372972441e-05-5.828496436188929e-06j),(5+0j),(4.9807983342482816+0.3092534634612464j),(0.00038403331503435905-0.006185069269224928j),(0.00038403331503435916-0.0061850692692249284j),(0.0003840333150343689-0.006185069269224928j),(-0.000384033315034369+0.006185069269224928j)
(38889.11111111111+0j),(-9.363062123955205e-05-5.806078911387599e-06j),(5-5.551115123125783e-17j),(4.980847538961103+0.30885850032471734j),(0.0003830492207779185-0.006177170006494349j),(0.0003830492207779185-0.006177170006494349j),(0.0003830492207779379-0.0061771700064943485j),(-0.00038304922077793743+0.006177170006494348j)
(38939.16016016016+0j),(-9.339100096890405e-05-5.783776129990234e-06j),(5+0j),(4.980896555022465+0.3084645408655149j),(0.00038206889955069706-0.006169290817310299j),(0.00038206889955069695-0.006169290817310298j),(0.0003820688995507027-0.006169290817310298j),(-0.00038206889955070406+0.006169290817310297j)
(38989.209209209206+0j),(-9.31522982155067e-05-5.76158735925719e-06j),(4.999999999999999+0j),(4.980945383394303+0.3080715812776901j),(0.00038109233211391436-0.0061614316255538025j),(0.0003810923321139144-0.0061614316255538025j),(0.00038109233211391924-0.006161431625553802j),(-0.0003810923321139262+0.0061614316255538025j)
(39039.258258258255+0j),(-9.291450830698054e-05-5.739511872053217e-06j),(5+0j),(4.9809940250324445+0.3076796177744361j),(0.00038011949935110403-0.006153592355488722j),(0.00038011949935110403-0.006153592355488722j),(0.0003801194993511103-0.006153592355488722j),(-0.00038011949935110734+0.006153592355488722j)
(39089.3073073073+0j),(-9.267762660061237e-05-5.7175489467974826e-06j),(4.999999999999999+0j),(4.981042480886639+0.30728864658796673j),(0.00037915038226717915-0.006145772931759337j),(0.0003791503822671792-0.006145772931759336j),(0.00037915038226719487-0.0061457729317593345j),(-0.00037915038226719877+0.006145772931759335j)
(39139.35635635635+0j),(-9.244164848313017e-05-5.695697867414225e-06j),(5+0j),(4.9810907519006244+0.3068986639693997j),(0.00037818496198751373-0.006137973279387993j),(0.00037818496198751373-0.006137973279387994j),(0.0003781849619875111-0.006137973279387994j),(-0.0003781849619875072+0.006137973279387994j)
(39189.4054054054+0j),(-9.220656937047937e-05-5.6739579232837935e-06j),(5+0j),(4.981138839012148+0.30650966618863634j),(0.0003772232197570247-0.006130193323772727j),(0.0003772232197570247-0.006130193323772728j),(0.00037722321975703466-0.006130193323772727j),(-0.000377223219757035+0.006130193323772727j)
(39239.454454454455+0j),(-9.197238470760166e-05-5.652328409194287e-06j),(5+5.551115123125783e-17j),(4.981186743153038+0.3061216495342472j),(0.00037626513693926866-0.006122432990684943j),(0.0003762651369392687-0.006122432990684942j),(0.00037626513693924226-0.006122432990684943j),(-0.00037626513693924876+0.006122432990684942j)
(39289.5035035035+0j),(-9.173908996821511e-05-5.6308086252935916e-06j),(5.000000000000001+0j),(4.981234465249225+0.3057346103133533j),(0.00037531069501554144-0.0061146922062670665j),(0.0003753106950155414-0.0061146922062670665j),(0.00037531069501552496-0.0061146922062670665j),(-0.0003753106950155245+0.006114692206267067j)
(39339.55255255255+0j),(-9.150668065459676e-05-5.609397877041969e-06j),(5+0j),(4.981282006220801+0.30534854485151275j),(0.0003743598755839884-0.006106970897030255j),(0.0003743598755839884-0.006106970897030254j),(0.00037435987558398053-0.006106970897030255j),(-0.00037435987558396763+0.006106970897030256j)
(39389.6016016016+0j),(-9.127515229736695e-05-5.588095475165099e-06j),(4.999999999999999+0j),(4.981329366982063+0.30496344949260557j),(0.00037341266035872283-0.006099268989852111j),(0.00037341266035872283-0.006099268989852111j),(0.00037341266035872066-0.0060992689898521114j),(-0.0003734126603587191+0.0060992689898521114j)
(39439.65065065065+0j),(-9.104450045527546e-05-5.566900735607582e-06j),(5+0j),(4.981376548441553+0.30457932059871995j),(0.0003724690311689495-0.0060915864119743994j),(0.0003724690311689495-0.0060915864119744j),(0.00037246903116894714-0.0060915864119743994j),(-0.0003724690311689496+0.006091586411974399j)
(39489.6996996997+0j),(-9.081472071498966e-05-5.545812979486944e-06j),(5+0j),(4.981423551502095+0.3041961545500401j),(0.0003715289699580993-0.0060839230910008j),(0.00037152896995809934-0.006083923091000801j),(0.0003715289699580993-0.006083923091000802j),(-0.0003715289699580959+0.006083923091000802j)
(39539.748748748745+0j),(-9.058580869088429e-05-5.52483153304806e-06j),(5+0j),(4.981470377060852+0.30381394774473336j),(0.00037059245878296804-0.006076278954894667j),(0.00037059245878296793-0.006076278954894667j),(0.00037059245878296566-0.006076278954894668j),(-0.000370592458782959+0.006076278954894667j)
(39589.79779779779+0j),(-9.035776002483342e-05-5.503955727618074e-06j),(5+0j),(4.981517026009356+0.30343269659884003j),(0.0003696594798128656-0.0060686539319768015j),(0.0003696594798128656-0.0060686539319768015j),(0.00036965947981288495-0.006068653931976801j),(-0.00036965947981287134+0.006068653931976801j)
(39639.84684684684+0j),(-9.013057038600403e-05-5.483184899561765e-06j),(5+0j),(4.981563499233562+0.30305239754616303j),(0.0003687300153287716-0.00606104795092326j),(0.00036873001532877157-0.006061047950923259j),(0.0003687300153287687-0.006061047950923261j),(-0.00036873001532876024+0.00606104795092326j)
(39689.89589589589+0j),(-8.990423547065124e-05-5.462518390237318e-06j),(5+0j),(4.981609797613874+0.3026730470381573j),(0.00036780404772249664-0.006053460940763146j),(0.00036780404772249664-0.006053460940763145j),(0.0003678040477225153-0.006053460940763145j),(-0.00036780404772250586+0.006053460940763145j)
(39739.944944944946+0j),(-8.967875100191578e-05-5.44195554595262e-06j),(5+0j),(4.981655922025208+0.302294641543823j),(0.0003668815594958551-0.00604589283087646j),(0.0003668815594958551-0.00604589283087646j),(0.00036688155949583746-0.00604589283087646j),(-0.0003668815594958484+0.00604589283087646j)
(39789.993993993994+0j),(-8.945411272962269e-05-5.4214957179218955e-06j),(5.000000000000001+5.551115123125783e-17j),(4.981701873337008+0.3019171775495959j),(0.00036596253325983956-0.006038343550991919j),(0.00036596253325983956-0.006038343550991919j),(0.00036596253325985376-0.006038343550991917j),(-0.00036596253325985045+0.006038343550991917j)
(39840.04304304304+0j),(-8.923031643008217e-05-5.401138262222861e-06j),(5+0j),(4.9817476524133095+0.3015406515592416j),(0.00036504695173380803-0.00603081303118483j),(0.00036504695173380803-0.006030813031184831j),(0.00036504695173380955-0.006030813031184832j),(-0.0003650469517338037+0.006030813031184832j)
(39890.09209209209+0j),(-8.900735790589199e-05-5.380882539754239e-06j),(4.999999999999999+0j),(4.981793260112766+0.30116506009374805j),(0.00036413479774467317-0.006023301201874964j),(0.00036413479774467317-0.006023301201874965j),(0.0003641347977446685-0.006023301201874961j),(-0.0003641347977446744+0.006023301201874962j)
(39940.14114114114+0j),(-8.87852329857416e-05-5.360727916193757e-06j),(5+0j),(4.981838697288694+0.3007903996912218j),(0.0003632260542261036-0.0060158079938244366j),(0.00036322605422610356-0.006015807993824437j),(0.00036322605422611787-0.006015807993824436j),(-0.0003632260542261144+0.006015807993824436j)
(39990.19019019019+0j),(-8.856393752421809e-05-5.340673761956506e-06j),(5+0j),(4.981883964789114+0.30041666690678126j),(0.00036232070421772706-0.006008333338135624j),(0.00036232070421772706-0.006008333338135625j),(0.0003623207042177157-0.006008333338135626j),(-0.00036232070421771476+0.0060083333381356265j)
(40040.239239239236+0j),(-8.834346740161352e-05-5.3207194521537445e-06j),(5+5.551115123125783e-17j),(4.981929063456782+0.30004385831245367j),(0.00036141873086434367-0.006000877166249072j),(0.00036141873086434367-0.0060008771662490735j),(0.0003614187308643579-0.006000877166249073j),(-0.0003614187308643643+0.006000877166249072j)
(40090.288288288284+0j),(-8.812381852373444e-05-5.3008643665521215e-06j),(5.000000000000001+0j),(4.981973994129244+0.2996719704970725j),(0.0003605201174151466-0.005993439409941451j),(0.00036052011741514653-0.005993439409941449j),(0.0003605201174151418-0.00599343940994145j),(-0.0003605201174151397+0.005993439409941449j)
(40140.33733733733+0j),(-8.790498682171223e-05-5.281107889533258e-06j),(5.000000000000001-5.551115123125783e-17j),(4.982018757638853+0.2993010000661736j),(0.00035962484722294535-0.005986020001323474j),(0.0003596248472229454-0.005986020001323474j),(0.00035962484722295684-0.005986020001323473j),(-0.0003596248472229578+0.0059860200013234725j)
(40190.38638638638+0j),(-8.768696825181617e-05-5.261449410053799e-06j),(5+0j),(4.98206335481283+0.29893094364189504j),(0.00035873290374340163-0.005978618872837901j),(0.00035873290374340163-0.005978618872837901j),(0.00035873290374340174-0.005978618872837901j),(-0.0003587329037433966+0.005978618872837901j)
(40240.43543543544+0j),(-8.746975879526715e-05-5.241888321605781e-06j),(5-5.551115123125783e-17j),(4.982107786473287+0.2985617978628747j),(0.0003578442705342661-0.005971235957257496j),(0.0003578442705342661-0.005971235957257495j),(0.0003578442705342688-0.005971235957257495j),(-0.00035784427053426113+0.005971235957257496j)
(40290.484484484485+0j),(-8.725335445805353e-05-5.2224240221774605e-06j),(5+0j),(4.982152053437269+0.2981935593841512j),(0.00035695893125462614-0.005963871187683025j),(0.0003569589312546261-0.005963871187683025j),(0.00035695893125462067-0.005963871187683024j),(-0.00035695893125462994+0.0059638711876830236j)
(40340.53353353353+0j),(-8.703775127074817e-05-5.203055914214469e-06j),(4.999999999999999+5.551115123125783e-17j),(4.982196156516792+0.29782622487706356j),(0.0003560768696641565-0.005956524497541269j),(0.00035607686966415654-0.005956524497541271j),(0.0003560768696641503-0.00595652449754127j),(-0.00035607686966414304+0.005956524497541271j)
(40390.58258258258+0j),(-8.682294528832773e-05-5.183783404581405e-06j),(4.999999999999999+5.551115123125783e-17j),(4.98224009651888+0.2974597910291527j),(0.0003551980696223796-0.005949195820583055j),(0.00035519806962237957-0.005949195820583054j),(0.0003551980696223822-0.005949195820583053j),(-0.0003551980696223784+0.005949195820583055j)
(40440.63163163163+0j),(-8.660893258999257e-05-5.164605904523758e-06j),(5+0j),(4.982283874245604+0.29709425454406363j),(0.00035432251508792946-0.005941885090881273j),(0.0003543225150879295-0.005941885090881273j),(0.0003543225150879259-0.005941885090881273j),(-0.0003543225150879313+0.005941885090881273j)
(40490.68068068068+0j),(-8.6395709278989e-05-5.145522829630242e-06j),(5.000000000000001+5.551115123125783e-17j),(4.982327490494109+0.2967296121414476j),(0.00035345019011782404-0.005934592242828952j),(0.00035345019011782404-0.005934592242828952j),(0.0003534501901178366-0.005934592242828951j),(-0.0003534501901178433+0.00593459224282895j)
(40540.72972972973+0j),(-8.618327148243268e-05-5.126533599795478e-06j),(5.000000000000001+5.551115123125783e-17j),(4.982370946056664+0.29636586055686576j),(0.0003525810788667425-0.005927317211137316j),(0.0003525810788667425-0.005927317211137316j),(0.0003525810788667449-0.005927317211137314j),(-0.00035258107886675105+0.005927317211137313j)
(40590.778778778775+0j),(-8.597161535113357e-05-5.107637639183043e-06j),(5+0j),(4.982414241720685+0.29600299654169315j),(0.00035171516558630894-0.005920059930833863j),(0.00035171516558630894-0.005920059930833862j),(0.000351715165586306-0.005920059930833863j),(-0.00035171516558631447+0.005920059930833863j)
(40640.82782782782+0j),(-8.576073705942232e-05-5.088834376188886e-06j),(5.000000000000001-5.551115123125783e-17j),(4.982457378268781+0.2956410168630232j),(0.0003508524346243824-0.005912820337260465j),(0.0003508524346243824-0.005912820337260465j),(0.0003508524346244002-0.005912820337260465j),(-0.0003508524346244012+0.005912820337260465j)
(40690.87687687687+0j),(-8.555063280497845e-05-5.070123243405121e-06j),(5-5.551115123125783e-17j),(4.982500356478782+0.2952799183035738j),(0.0003499928704243539-0.005905598366071477j),(0.0003499928704243539-0.005905598366071477j),(0.00034999287042435155-0.005905598366071478j),(-0.0003499928704243406+0.005905598366071478j)
(40740.92592592592+0j),(-8.534129880865942e-05-5.051503677584115e-06j),(5+0j),(4.982543177123777+0.2949196976615923j),(0.000349136457524446-0.005898393953231846j),(0.000349136457524446-0.005898393953231845j),(0.000349136457524466-0.005898393953231847j),(-0.00034913645752447306+0.005898393953231847j)
(40790.974974974975+0j),(-8.51327313143318e-05-5.032975119602998e-06j),(5.000000000000001+0j),(4.982585840972149+0.2945603517507632j),(0.00034828318055702323-0.005891207035015264j),(0.00034828318055702323-0.005891207035015264j),(0.00034828318055703635-0.005891207035015265j),(-0.00034828318055702204+0.005891207035015264j)
(40841.024024024024+0j),(-8.492492658870334e-05-5.014537014428468e-06j),(5+5.551115123125783e-17j),(4.982628348787604+0.29420187740011505j),(0.0003474330242479044-0.0058840375480023015j),(0.00034743302424790427-0.0058840375480023015j),(0.00034743302424791625-0.0058840375480023j),(-0.00034743302424792086+0.005884037548002301j)
(40891.07307307307+0j),(-8.471788092115686e-05-4.9961888110819715e-06j),(4.999999999999999+0j),(4.982670701329215+0.29384427145392905j),(0.0003465859734156832-0.005876885429078583j),(0.00034658597341568313-0.005876885429078583j),(0.0003465859734156851-0.005876885429078581j),(-0.0003465859734156848+0.005876885429078583j)
(40941.12212212212+0j),(-8.45115906235853e-05-4.977929962605195e-06j),(5+5.551115123125783e-17j),(4.982712899351448+0.29348753077164763j),(0.0003457420129710533-0.005869750615432951j),(0.00034574201297105333-0.005869750615432951j),(0.0003457420129710442-0.005869750615432952j),(-0.0003457420129710474+0.005869750615432952j)
(40991.17117117117+0j),(-8.430605203022808e-05-4.959759926025888e-06j),(5+5.551115123125783e-17j),(4.982754943604193+0.29313165222778276j),(0.00034490112791613797-0.005862633044555655j),(0.00034490112791613797-0.005862633044555654j),(0.0003449011279161418-0.005862633044555654j),(-0.0003449011279161446+0.005862633044555654j)
(41041.22022022022+0j),(-8.41012614975094e-05-4.94167816232407e-06j),(4.999999999999999+0j),(4.982796834832809+0.2927766327118281j),(0.0003440633033438297-0.005855532654236563j),(0.0003440633033438297-0.005855532654236561j),(0.000344063303343809-0.005855532654236562j),(-0.00034406330334380356+0.005855532654236562j)
(41091.269269269265+0j),(-8.389721540387708e-05-4.923684136398499e-06j),(5+5.551115123125783e-17j),(4.982838573778143+0.29242246912816794j),(0.0003432285244371302-0.005848449382563358j),(0.0003432285244371303-0.005848449382563357j),(0.0003432285244371336-0.005848449382563358j),(-0.00034322852443712665+0.005848449382563357j)
(41141.318318318314+0j),(-8.369391014964353e-05-4.905777317033496e-06j),(5.000000000000001+0j),(4.982880161176576+0.29206915839598907j),(0.0003423967764684991-0.005841383167919784j),(0.00034239677646849905-0.005841383167919784j),(0.000342396776468501-0.005841383167919782j),(-0.00034239677646850236+0.005841383167919781j)
(41191.36736736736+0j),(-8.349134215682748e-05-4.887957176866102e-06j),(5-5.551115123125783e-17j),(4.98292159776004+0.2917166974491934j),(0.0003415680447992079-0.005834333948983868j),(0.0003415680447992079-0.005834333948983869j),(0.00034156804479920313-0.005834333948983869j),(-0.0003415680447992064+0.005834333948983868j)
(41241.41641641641+0j),(-8.328950786899742e-05-4.870223192353513e-06j),(5+0j),(4.982962884256065+0.29136508323630916j),(0.0003407423148786978-0.005827301664726184j),(0.00034074231487869777-0.005827301664726184j),(0.00034074231487869256-0.005827301664726183j),(-0.00034074231487869067+0.005827301664726184j)
(41291.465465465466+0j),(-8.308840375111613e-05-4.852574843740866e-06j),(5-5.551115123125783e-17j),(4.983004021387803+0.2910143127204053j),(0.00033991957224394434-0.0058202862544081075j),(0.00033991957224394423-0.005820286254408107j),(0.000339919572243943-0.005820286254408107j),(-0.0003399195722439407+0.0058202862544081075j)
(41341.514514514514+0j),(-8.288802628938672e-05-4.835011615029329e-06j),(4.999999999999999+0j),(4.983045009874058+0.290664382879005j),(0.0003390998025188276-0.0058132876575801j),(0.0003390998025188276-0.005813287657580101j),(0.0003390998025188274-0.0058132876575801j),(-0.000339099802518835+0.005813287657580099j)
(41391.56356356356+0j),(-8.268837199109974e-05-4.817532993944469e-06j),(5.000000000000001+0j),(4.983085850429325+0.2903152907039997j),(0.00033828299141350573-0.005806305814079993j),(0.0003382829914135058-0.005806305814079994j),(0.00033828299141351435-0.005806305814079994j),(-0.00033828299141350215+0.005806305814079993j)
(41441.61261261261+0j),(-8.248943738448166e-05-4.800138471904962e-06j),(5.000000000000001-5.551115123125783e-17j),(4.983126543763811+0.2899670332015645j),(0.0003374691247237967-0.005799340664031289j),(0.00033746912472379674-0.00579934066403129j),(0.00033746912472379267-0.005799340664031291j),(-0.00033746912472380075+0.005799340664031292j)
(41491.66166166166+0j),(-8.229121901854464e-05-4.782827543991571e-06j),(5.000000000000001+5.551115123125783e-17j),(4.983167090583473+0.28961960739207365j),(0.00033665818833056153-0.005792392147841471j),(0.0003366581883305617-0.005792392147841473j),(0.0003366581883305564-0.005792392147841472j),(-0.00033665818833055616+0.005792392147841471j)
(41541.71071071071+0j),(-8.209371346293764e-05-4.765599708916452e-06j),(4.999999999999999+0j),(4.983207491590045+0.2892730103100168j),(0.0003358501681990966-0.005785460206200337j),(0.0003358501681990966-0.005785460206200337j),(0.00033585016819907663-0.0057854602062003355j),(-0.00033585016819907484+0.005785460206200337j)
(41591.759759759756+0j),(-8.189691730779853e-05-4.748454468992726e-06j),(4.999999999999999+0j),(4.983247747481073+0.2889272390039161j),(0.00033504505037852797-0.005778544780078322j),(0.0003350450503785281-0.005778544780078323j),(0.00033504505037852184-0.005778544780078322j),(-0.0003350450503785199+0.005778544780078322j)
(41641.808808808804+0j),(-8.170082716360778e-05-4.73139133010436e-06j),(5+5.551115123125783e-17j),(4.983287858949939+0.2885822905362431j),(0.00033424282100121265-0.005771645810724863j),(0.0003342428210012126-0.005771645810724862j),(0.0003342428210012116-0.005771645810724861j),(-0.00033424282100119954+0.005771645810724861j)
(41691.85785785785+0j),(-8.150543966104283e-05-4.7144098016763156e-06j),(5+5.551115123125783e-17j),(4.983327826685892+0.288238161983337j),(0.00033344346628214316-0.00576476323966674j),(0.00033344346628214316-0.0057647632396667405j),(0.00033344346628215503-0.00576476323966674j),(-0.000333443466282151+0.00576476323966674j)
(41741.9069069069+0j),(-8.131075145083449e-05-4.697509396645022e-06j),(5.000000000000001+0j),(4.983367651374084+0.2878948504353235j),(0.00033264697251835944-0.005757897008706468j),(0.0003326469725183595-0.005757897008706469j),(0.0003326469725183401-0.00575789700870647j),(-0.0003326469725183426+0.005757897008706468j)
(41791.95595595596+0j),(-8.111675920362349e-05-4.680689631429065e-06j),(5+0j),(4.983407333695582+0.2875523529960327j),(0.00033185332608836216-0.005751047059920655j),(0.00033185332608836216-0.005751047059920654j),(0.0003318533260883605-0.005751047059920654j),(-0.0003318533260883612+0.005751047059920654j)
(41842.005005005005+0j),(-8.092345960981918e-05-4.6639500259002275e-06j),(5+0j),(4.983446874327423+0.2872106667829206j),(0.0003310625134515347-0.005744213335658413j),(0.0003310625134515347-0.005744213335658413j),(0.00033106251345154546-0.005744213335658412j),(-0.0003310625134515452+0.005744213335658412j)
(41892.05405405405+0j),(-8.073084937945899e-05-4.647290103354759e-06j),(5.000000000000001+0j),(4.983486273942623+0.2868697889269885j),(0.000330274521147568-0.005737395778539772j),(0.000330274521147568-0.005737395778539772j),(0.0003302745211475511-0.00573739577853977j),(-0.0003302745211475507+0.00573739577853977j)
(41942.1031031031+0j),(-8.053892524206875e-05-4.6307093904849255e-06j),(5+0j),(4.983525533210206+0.2865297165727031j),(0.0003294893357958893-0.005730594331454062j),(0.0003294893357958893-0.0057305943314540616j),(0.0003294893357958806-0.005730594331454062j),(-0.00032948933579588294+0.0057305943314540616j)
(41992.15215215215+0j),(-8.034768394652484e-05-4.6142074173508325e-06j),(5+0j),(4.983564652795246+0.28619044687791906j),(0.0003287069440950971-0.005723808937558381j),(0.0003287069440950972-0.005723808937558381j),(0.00032870694409508516-0.005723808937558381j),(-0.00032870694409509876+0.00572380893755838j)
(42042.2012012012+0j),(-8.015712226091688e-05-4.59778371735252e-06j),(5.000000000000001-5.551115123125783e-17j),(4.9836036333588805+0.2858519770138j),(0.0003279273328224006-0.005717039540276003j),(0.00032792733282240055-0.005717039540276002j),(0.0003279273328224086-0.005717039540276001j),(-0.0003279273328224072+0.005717039540276001j)
(42092.25025025025+0j),(-7.99672369724118e-05-4.581437827202316e-06j),(5+0j),(4.983642475558346+0.2855143041647419j),(0.00032715048883306323-0.005710286083294837j),(0.00032715048883306323-0.005710286083294838j),(0.00032715048883307673-0.005710286083294837j),(-0.00032715048883307993+0.005710286083294838j)
(42142.299299299295+0j),(-7.977802488711924e-05-4.565169286897449e-06j),(5-5.551115123125783e-17j),(4.983681180047007+0.2851774255282949j),(0.00032637639905985083-0.0057035485105659004j),(0.0003263763990598508-0.0057035485105659j),(0.0003263763990598534-0.005703548510565899j),(-0.00032637639905984395+0.0057035485105659j)
(42192.34834834834+0j),(-7.958948282995757e-05-4.548977639692931e-06j),(5-5.551115123125783e-17j),(4.983719747474376+0.2848413383150882j),(0.00032560505051248544-0.005696826766301767j),(0.0003256050505124854-0.005696826766301766j),(0.0003256050505124719-0.0056968267663017646j),(-0.0003256050505124828+0.005696826766301766j)
(42242.39739739739+0j),(-7.940160764452128e-05-4.532862432074667e-06j),(4.999999999999999+5.551115123125783e-17j),(4.983758178486144+0.2845060397487529j),(0.0003248364302771011-0.005690120794975057j),(0.0003248364302771011-0.005690120794975057j),(0.0003248364302771023-0.005690120794975057j),(-0.00032483643027710757+0.005690120794975058j)
(42292.44644644645+0j),(-7.921439619294972e-05-4.516823213732851e-06j),(5+0j),(4.983796473724214+0.2841715270658471j),(0.00032407052551570683-0.0056834305413169415j),(0.00032407052551570683-0.005683430541316942j),(0.0003240705255157117-0.0056834305413169415j),(-0.00032407052551570656+0.0056834305413169415j)
(42342.495495495496+0j),(-7.902784535579638e-05-4.500859537535599e-06j),(4.999999999999999+0j),(4.983834633826716+0.2838377975157812j),(0.0003233073234656526-0.0056767559503156225j),(0.00032330732346565265-0.0056767559503156225j),(0.00032330732346565584-0.005676755950315624j),(-0.0003233073234656415+0.005676755950315623j)
(42392.544544544544+0j),(-7.884195203189968e-05-4.484970959502831e-06j),(5+0j),(4.9838726594280445+0.2835048483607435j),(0.0003225468114391007-0.00567009696721487j),(0.00032254681143910075-0.005670096967214871j),(0.00032254681143911056-0.00567009696721487j),(-0.0003225468114391103+0.005670096967214871j)
(42442.59359359359+0j),(-7.865671313825449e-05-4.469157038780379e-06j),(4.999999999999999+0j),(4.983910551158874+0.28317267687562586j),(0.0003217889768224988-0.0056634535375125195j),(0.0003217889768224987-0.005663453537512518j),(0.0003217889768225035-0.005663453537512518j),(-0.00032178897682250476+0.005663453537512518j)
(42492.64264264264+0j),(-7.84721256098849e-05-4.453417337614365e-06j),(4.999999999999999+0j),(4.983948309646197+0.282841280347951j),(0.0003210338070760609-0.00565682560695902j),(0.00032103380707606085-0.00565682560695902j),(0.00032103380707603434-0.005656825606959019j),(-0.0003210338070760467+0.005656825606959021j)
(42542.69169169169+0j),(-7.828818639971808e-05-4.437751421325814e-06j),(5+0j),(4.9839859355133385+0.282510656077799j),(0.0003202812897332503-0.00565021312155598j),(0.0003202812897332503-0.005650213121555979j),(0.0003202812897332308-0.005650213121555981j),(-0.0003202812897332326+0.00565021312155598j)
(42592.74074074074+0j),(-7.810489247845905e-05-4.422158858285488e-06j),(5+0j),(4.984023429379986+0.2821808013777354j),(0.000319531412400267-0.005643616027554709j),(0.00031953141240026694-0.005643616027554708j),(0.0003195314124002735-0.005643616027554707j),(-0.00031953141240026114+0.005643616027554707j)
(42642.789789789786+0j),(-7.792224083446639e-05-4.4066392198889725e-06j),(4.999999999999999+0j),(4.9840607918622215+0.2818517135727398j),(0.0003187841627555405-0.005637034271454794j),(0.00031878416275554056-0.0056370342714547935j),(0.0003187841627555521-0.005637034271454796j),(-0.00031878416275554766+0.005637034271454797j)
(42692.838838838834+0j),(-7.774022847362919e-05-4.391192080531976e-06j),(4.999999999999999-5.551115123125783e-17j),(4.984098023572538+0.28152339000013304j),(0.00031803952854922413-0.005630467800002664j),(0.000318039528549224-0.005630467800002663j),(0.00031803952854922104-0.005630467800002662j),(-0.00031803952854923817+0.005630467800002663j)
(42742.88788788788+0j),(-7.755885241924462e-05-4.375817017585886e-06j),(5+0j),(4.984135125119865+0.2811958280095085j),(0.0003172974976026972-0.005623916560190169j),(0.0003172974976026972-0.005623916560190169j),(0.0003172974976027021-0.00562391656019017j),(-0.00031729749760268927+0.00562391656019017j)
(42792.93693693693+0j),(-7.737810971189718e-05-4.360513611373523e-06j),(4.999999999999999-5.551115123125783e-17j),(4.984172097109594+0.28086902496265903j),(0.00031655805780806697-0.005617380499253181j),(0.0003165580578080669-0.005617380499253181j),(0.0003165580578080984-0.005617380499253182j),(-0.0003165580578080862+0.005617380499253183j)
(42842.985985985986+0j),(-7.719799740933806e-05-4.345281445145149e-06j),(4.999999999999999+5.551115123125783e-17j),(4.984208940143615+0.28054297823351004j),(0.000315821197127679-0.0056108595646702j),(0.000315821197127679-0.005610859564670201j),(0.0003158211971276792-0.0056108595646702j),(-0.0003158211971276796+0.0056108595646702005j)
(42893.035035035035+0j),(-7.701851258636626e-05-4.330120105054677e-06j),(4.999999999999999+0j),(4.984245654820318+0.28021768520804763j),(0.0003150869035936279-0.005604353704160955j),(0.0003150869035936279-0.005604353704160954j),(0.00031508690359363103-0.005604353704160953j),(-0.0003150869035936296+0.005604353704160953j)
(42943.08408408408+0j),(-7.683965233470997e-05-4.315029180136105e-06j),(5+0j),(4.984282241734636+0.27989314328425124j),(0.0003143551653072738-0.005597862865685024j),(0.0003143551653072738-0.005597862865685023j),(0.00031435516530727627-0.005597862865685025j),(-0.00031435516530727703+0.005597862865685024j)
(42993.13313313313+0j),(-7.666141376290946e-05-4.300008262280162e-06j),(4.999999999999999+0j),(4.984318701478061+0.2795693498720237j),(0.0003136259704387615-0.005591386997440474j),(0.0003136259704387615-0.005591386997440474j),(0.0003136259704387534-0.005591386997440474j),(-0.00031362597043874466+0.005591386997440474j)
(43043.18218218218+0j),(-7.648379399620089e-05-4.2850569462112155e-06j),(5+0j),(4.984355034638673+0.27924630239312526j),(0.0003128993072265468-0.005584926047862505j),(0.0003128993072265468-0.005584926047862504j),(0.00031289930722653734-0.005584926047862505j),(-0.0003128993072265378+0.005584926047862504j)
(43093.23123123123+0j),(-7.63067901764004e-05-4.270174829464306e-06j),(5.000000000000001-5.551115123125783e-17j),(4.984391241801155+0.2789239982811038j),(0.00031217516397692095-0.005578479965622076j),(0.00031217516397692095-0.005578479965622077j),(0.00031217516397692436-0.005578479965622078j),(-0.00031217516397692024+0.005578479965622078j)
(43143.280280280276+0j),(-7.613039946179012e-05-4.255361512362489e-06j),(4.999999999999999+5.551115123125783e-17j),(4.9844273235468215+0.2786024349812297j),(0.00031145352906354515-0.005572048699624594j),(0.0003114535290635451-0.005572048699624594j),(0.0003114535290635523-0.005572048699624593j),(-0.00031145352906354964+0.005572048699624594j)
(43193.329329329325+0j),(-7.595461902700428e-05-4.240616597994306e-06j),(4.999999999999999+0j),(4.98446328045365+0.27828160995042794j),(0.0003107343909269835-0.00556563219900856j),(0.00031073439092698345-0.00556563219900856j),(0.0003107343909269744-0.005565632199008559j),(-0.0003107343909269748+0.005565632199008559j)
(43243.37837837837+0j),(-7.577944606291665e-05-4.225939692191521e-06j),(4.999999999999999+0j),(4.984499113096287+0.2779615206572125j),(0.00031001773807424365-0.005559230413144253j),(0.00031001773807424365-0.0055592304131442515j),(0.0003100177380742508-0.005559230413144251j),(-0.00031001773807425373+0.005559230413144252j)
(43293.42742742742+0j),(-7.56048777765287e-05-4.211330403507024e-06j),(5-5.551115123125783e-17j),(4.984534822046085+0.2776421645816206j),(0.0003093035590783186-0.0055528432916324135j),(0.00030930355907831866-0.0055528432916324135j),(0.00030930355907830885-0.0055528432916324135j),(-0.0003093035590783117+0.0055528432916324135j)
(43343.47647647648+0j),(-7.543091139085879e-05-4.19678834319295e-06j),(4.999999999999999+0j),(4.9845704078711135+0.277323539215147j),(0.00030859184257773327-0.0055464707843029416j),(0.00030859184257773327-0.005546470784302941j),(0.00030859184257771234-0.005546470784302941j),(-0.00030859184257771635+0.0055464707843029416j)
(43393.525525525525+0j),(-7.525754414483226e-05-4.182313125179013e-06j),(5+0j),(4.984605871136195+0.27700564206067985j),(0.00030788257727609454-0.005540112841213597j),(0.0003078825772760946-0.005540112841213598j),(0.0003078825772760929-0.005540112841213597j),(-0.0003078825772761043+0.005540112841213597j)
(43443.57457457457+0j),(-7.508477329317223e-05-4.1679043660510146e-06j),(5.000000000000001+0j),(4.984641212402918+0.27668847063243573j),(0.0003071757519416452-0.005533769412648715j),(0.0003071757519416451-0.005533769412648715j),(0.0003071757519416529-0.005533769412648715j),(-0.0003071757519416615+0.005533769412648715j)
(43493.62362362362+0j),(-7.49125961062913e-05-4.153561685029557e-06j),(5-5.551115123125783e-17j),(4.984676432229659+0.2763720224558959j),(0.00030647135540681997-0.00552744044911792j),(0.0003064713554068201-0.00552744044911792j),(0.00030647135540682767-0.00552744044911792j),(-0.0003064713554068281+0.005527440449117921j)
(43543.67267267267+0j),(-7.47410098701844e-05-4.139284703948977e-06j),(5+0j),(4.984711531171609+0.2760562950677432j),(0.0003057693765678084-0.005521125901354864j),(0.0003057693765678084-0.005521125901354865j),(0.00030576937656782375-0.005521125901354864j),(-0.0003057693765678299+0.005521125901354864j)
(43593.72172172172+0j),(-7.45700118863221e-05-4.125073047236416e-06j),(5+0j),(4.984746509780794+0.2757412860157981j),(0.00030506980438411654-0.005514825720315962j),(0.00030506980438411665-0.005514825720315962j),(0.0003050698043841216-0.005514825720315962j),(-0.0003050698043841233+0.005514825720315963j)
(43643.77077077077+0j),(-7.43995994715449e-05-4.110926341891132e-06j),(5+5.551115123125783e-17j),(4.984781368606093+0.2754269928589564j),(0.0003043726278781358-0.005508539857179127j),(0.0003043726278781358-0.005508539857179127j),(0.0003043726278781378-0.005508539857179127j),(-0.0003043726278781529+0.005508539857179126j)
(43693.819819819815+0j),(-7.422976995795867e-05-4.096844217463989e-06j),(4.999999999999999+0j),(4.984816108193264+0.27511341316712723j),(0.0003036778361347145-0.005502268263342544j),(0.0003036778361347145-0.005502268263342544j),(0.0003036778361347103-0.005502268263342545j),(-0.0003036778361347088+0.005502268263342545j)
(43743.86886886886+0j),(-7.40605206928304e-05-4.082826306037113e-06j),(5+0j),(4.984850729084963+0.2748005445211711j),(0.00030298541830073165-0.005496010890423423j),(0.00030298541830073165-0.005496010890423424j),(0.000302985418300743-0.005496010890423422j),(-0.0003029854183007538+0.0054960108904234225j)
(43793.91791791791+0j),(-7.389184903848514e-05-4.0688722422037555e-06j),(5-5.551115123125783e-17j),(4.984885231820766+0.27448838451283836j),(0.0003022953635846751-0.005489767690256769j),(0.00030229536358467507-0.005489767690256767j),(0.0003022953635846726-0.005489767690256768j),(-0.00030229536358467724+0.005489767690256769j)
(43843.96696696697+0j),(-7.372375237220352e-05-4.054981663048318e-06j),(5+5.551115123125783e-17j),(4.98491961693719+0.27417693074470806j),(0.0003016076612562226-0.00548353861489416j),(0.0003016076612562227-0.005483538614894161j),(0.0003016076612562024-0.00548353861489416j),(-0.00030160766125620844+0.005483538614894161j)
(43894.016016016016+0j),(-7.35562280861205e-05-4.041154208126589e-06j),(5+0j),(4.984953884967709+0.2738661808301275j),(0.0003009223006458265-0.0054773236166025495j),(0.00030092230064582645-0.0054773236166025495j),(0.0003009223006458228-0.0054773236166025495j),(-0.00030092230064582634+0.005477323616602551j)
(43944.065065065064+0j),(-7.33892735871244e-05-4.027389519446128e-06j),(5+0j),(4.984988036442786+0.27355613239315235j),(0.0003002392711443018-0.005471122647863047j),(0.0003002392711443017-0.005471122647863047j),(0.0003002392711442781-0.005471122647863047j),(-0.0003002392711442918+0.005471122647863047j)
(43994.11411411411+0j),(-7.322288629675689e-05-4.013687241446839e-06j),(4.999999999999999-5.551115123125783e-17j),(4.985022071889878+0.27324678306848615j),(0.00029955856220241625-0.0054649356613697235j),(0.00029955856220241625-0.0054649356613697235j),(0.0002995585622024244-0.005464935661369724j),(-0.0002995585622024219+0.005464935661369725j)
(44044.16316316316+0j),(-7.30570636511142e-05-4.000047020981739e-06j),(5.000000000000001+0j),(4.985055991833476+0.272938130501422j),(0.0002988801633304867-0.0054587626100284425j),(0.0002988801633304867-0.005458762610028442j),(0.0002988801633305016-0.005458762610028441j),(-0.0002988801633304998+0.00545876261002844j)
(44094.21221221221+0j),(-7.289180310074811e-05-3.986468507297848e-06j),(5.000000000000001+0j),(4.985089796795102+0.27263017234778203j),(0.0002982040640979735-0.005452603446955641j),(0.0002982040640979735-0.005452603446955641j),(0.0002982040640979733-0.00545260344695564j),(-0.0002982040640979802+0.005452603446955641j)
(44144.26126126126+0j),(-7.272710211056918e-05-3.972951352017329e-06j),(5+0j),(4.985123487293347+0.2723229062738602j),(0.00029753025413308443-0.005446458125477205j),(0.0002975302541330845-0.005446458125477204j),(0.0002975302541330649-0.005446458125477204j),(-0.00029753025413307294+0.005446458125477204j)
(44194.310310310306+0j),(-7.256295815974915e-05-3.959495209118719e-06j),(5+0j),(4.985157063843882+0.2720163299563633j),(0.00029685872312237626-0.0054403265991272666j),(0.00029685872312237626-0.005440326599127267j),(0.0002968587231223552-0.0054403265991272666j),(-0.00029685872312236114+0.0054403265991272666j)
(44244.359359359354+0j),(-7.239936874162539e-05-3.9460997349183805e-06j),(5.000000000000001-5.551115123125783e-17j),(4.985190526959482+0.2717104410823534j),(0.00029618946081036245-0.005434208821647072j),(0.0002961894608103625-0.005434208821647071j),(0.00029618946081038543-0.00543420882164707j),(-0.00029618946081038516+0.005434208821647069j)
(44294.4084084084+0j),(-7.223633136360522e-05-3.9327645880521016e-06j),(4.999999999999999+0j),(4.985223877150043+0.27140523734919064j),(0.0002955224569991234-0.005428104746983813j),(0.0002955224569991234-0.005428104746983812j),(0.00029552245699912663-0.005428104746983813j),(-0.000295522456999122+0.005428104746983813j)
(44344.45745745746+0j),(-7.207384354707168e-05-3.919489429456862e-06j),(5-5.551115123125783e-17j),(4.985257114922605+0.2711007164644753j),(0.00029485770154791886-0.005422014329289507j),(0.0002948577015479188-0.005422014329289506j),(0.00029485770154790813-0.005422014329289507j),(-0.00029485770154791605+0.005422014329289508j)
(44394.50650650651+0j),(-7.191190282728947e-05-3.9062739223527674e-06j),(5.000000000000001-5.551115123125783e-17j),(4.985290240781361+0.27079687614599224j),(0.0002941951843728047-0.005415937522919847j),(0.00029419518437280465-0.005415937522919847j),(0.00029419518437279635-0.005415937522919846j),(-0.0002941951843728023+0.0054159375229198455j)
(44444.555555555555+0j),(-7.17505067533118e-05-3.893117732225136e-06j),(5+0j),(4.985323255227687+0.2704937141216537j),(0.00029353489544625146-0.005409874282433075j),(0.0002935348954462514-0.005409874282433074j),(0.0002935348954462569-0.005409874282433074j),(-0.0002935348954462638+0.005409874282433074j)
(44494.6046046046+0j),(-7.158965288788828e-05-3.8800205268067585e-06j),(5-5.551115123125783e-17j),(4.985356158760162+0.2701912281294439j),(0.00029287682479676677-0.005403824562588879j),(0.0002928768247967667-0.005403824562588878j),(0.0002928768247967639-0.005403824562588879j),(-0.0002928768247967631+0.00540382456258888j)
(44544.65365365365+0j),(-7.1429338807373e-05-3.866981976060298e-06j),(5.000000000000001-5.551115123125783e-17j),(4.985388951874576+0.26988941591736304j),(0.00029222096250851965-0.005397788318347263j),(0.0002922209625085197-0.005397788318347262j),(0.0002922209625084982-0.005397788318347262j),(-0.0002922209625084993+0.005397788318347262j)
(44594.7027027027+0j),(-7.126956210163368e-05-3.854001752160878e-06j),(5.000000000000001-5.551115123125783e-17j),(4.985421635063952+0.26958827524337253j),(0.0002915672987209699-0.005391765504867452j),(0.0002915672987209699-0.005391765504867452j),(0.00029156729872097386-0.005391765504867452j),(-0.0002915672987209745+0.005391765504867451j)
(44644.75175175175+0j),(-7.111032037396167e-05-3.841079529478791e-06j),(5.000000000000001-5.551115123125783e-17j),(4.9854542088185765+0.26928780387533985j),(0.0002909158236284971-0.005385756077506801j),(0.0002909158236284971-0.0053857560775068j),(0.0002909158236284881-0.005385756077506798j),(-0.0002909158236284911+0.005385756077506799j)
(44694.8008008008+0j),(-7.095161124098191e-05-3.828214984562378e-06j),(5+0j),(4.9854866736259975+0.2689879995909842j),(0.0002902665274800358-0.005379759991819684j),(0.0002902665274800358-0.005379759991819683j),(0.0002902665274800498-0.005379759991819684j),(-0.0002902665274800466+0.005379759991819684j)
(44744.849849849845+0j),(-7.079343233256467e-05-3.815407796121066e-06j),(4.999999999999999+0j),(4.985519029971064+0.2686888601778222j),(0.00028961940057871096-0.005373777203556444j),(0.00028961940057871106-0.005373777203556444j),(0.0002896194005787045-0.005373777203556444j),(-0.00028961940057871047+0.005373777203556444j)
(44794.89889889889+0j),(-7.06357812917371e-05-3.8026576450085525e-06j),(5.000000000000001+0j),(4.985551278335927+0.2683903834331145j),(0.00028897443328147857-0.00536780766866229j),(0.0002889744332814785-0.005367807668662289j),(0.00028897443328148144-0.00536780766866229j),(-0.00028897443328146713+0.005367807668662289j)
(44844.94794794795+0j),(-7.04786557745956e-05-3.7899642142061125e-06j),(4.999999999999999+5.551115123125783e-17j),(4.985583419200062+0.26809256716381186j),(0.00028833161599876595-0.0053618513432762355j),(0.00028833161599876595-0.005361851343276235j),(0.0002883316159987359-0.005361851343276236j),(-0.00028833161599873055+0.005361851343276236j)
(44894.996996997+0j),(-7.03220534502195e-05-3.77732718880611e-06j),(5+0j),(4.985615453040294+0.2677954091865023j),(0.00028769093919411853-0.005355908183730046j),(0.00028769093919411853-0.005355908183730046j),(0.00028769093919411403-0.005355908183730046j),(-0.0002876909391941185+0.005355908183730046j)
(44945.046046046045+0j),(-7.016597200058461e-05-3.7647462559956067e-06j),(5+0j),(4.985647380330808+0.26749890732735904j),(0.0002870523933838471-0.005349978146547181j),(0.00028705239338384713-0.0053499781465471815j),(0.00028705239338384204-0.005349978146547181j),(-0.0002870523933838458+0.005349978146547181j)
(44995.095095095094+0j),(-7.001040912047777e-05-3.7522211050401198e-06j),(5+0j),(4.985679201543166+0.2672030594220868j),(0.00028641596913667655-0.005344061188441734j),(0.00028641596913667655-0.005344061188441734j),(0.000286415969136673-0.005344061188441736j),(-0.0002864159691366719+0.005344061188441735j)
(45045.14414414414+0j),(-6.985536251741222e-05-3.7397514272675564e-06j),(4.999999999999998+0j),(4.985710917146328+0.26690786331587046j),(0.000285781657073401-0.00533815726631741j),(0.00028578165707340093-0.00533815726631741j),(0.00028578165707340733-0.00533815726631741j),(-0.00028578165707339795+0.0053381572663174105j)
(45095.19319319319+0j),(-6.97008299115435e-05-3.7273369160522704e-06j),(5.000000000000001+0j),(4.985742527606674+0.26661331686332446j),(0.0002851494478665395-0.005332266337266489j),(0.0002851494478665395-0.005332266337266488j),(0.0002851494478665373-0.0053322663372664895j),(-0.0002851494478665201+0.005332266337266488j)
(45145.24224224224+0j),(-6.954680903558556e-05-3.7149772667992238e-06j),(5-5.551115123125783e-17j),(4.985774033388+0.2663194179284386j),(0.0002845193322399918-0.005326388358568775j),(0.00028451933223999176-0.005326388358568774j),(0.0002845193322399986-0.005326388358568773j),(-0.0002845193322400033+0.005326388358568773j)
(45195.29129129129+0j),(-6.939329763472845e-05-3.702672176928373e-06j),(5.000000000000001-5.551115123125783e-17j),(4.985805434951565+0.2660261643845306j),(0.00028389130096870345-0.005320523287690613j),(0.0002838913009687034-0.005320523287690612j),(0.00028389130096872605-0.005320523287690613j),(-0.00028389130096872703+0.005320523287690612j)
(45245.340340340335+0j),(-6.924029346655586e-05-3.6904213458591062e-06j),(5-5.551115123125783e-17j),(4.985836732756084+0.2657335541141924j),(0.00028326534487832587-0.005314671082283851j),(0.0002832653448783258-0.005314671082283851j),(0.0002832653448783162-0.00531467108228385j),(-0.0002832653448783285+0.005314671082283848j)
(45295.389389389384+0j),(-6.90877943009634e-05-3.6782244749948608e-06j),(5+5.551115123125783e-17j),(4.985867927257756+0.26544158500924164j),(0.0002826414548448847-0.005308831700184833j),(0.00028264145484488477-0.005308831700184832j),(0.00028264145484488526-0.005308831700184832j),(-0.00028264145484489106+0.005308831700184831j)
(45345.43843843843+0j),(-6.893579792007793e-05-3.666081267707873e-06j),(5-5.551115123125783e-17j),(4.985899018910277+0.26515025497067035j),(0.00028201962179444725-0.005303005099413408j),(0.00028201962179444725-0.005303005099413408j),(0.0002820196217944648-0.0053030050994134085j),(-0.0002820196217944576+0.0053030050994134085j)
(45395.48748748749+0j),(-6.8784302118177e-05-3.653991429324056e-06j),(5.000000000000001+0j),(4.985930008164861+0.26485956190859683j),(0.00028139983670279515-0.005297191238171936j),(0.00028139983670279515-0.005297191238171935j),(0.00028139983670278924-0.005297191238171937j),(-0.00028139983670278854+0.005297191238171936j)
(45445.536536536536+0j),(-6.863330470160926e-05-3.641954667108008e-06j),(5.000000000000001+0j),(4.985960895470245+0.26456950374221416j),(0.0002807820905950968-0.0052913900748442835j),(0.0002807820905950968-0.0052913900748442835j),(0.0002807820905951175-0.0052913900748442835j),(-0.00028078209059511847+0.0052913900748442835j)
(45495.585585585584+0j),(-6.848280348871533e-05-3.6299706902481618e-06j),(4.999999999999999+0j),(4.985991681272719+0.26428007839974327j),(0.0002801663745455846-0.005285601567994865j),(0.00028016637454558464-0.005285601567994865j),(0.000280166374545594-0.0052856015679948656j),(-0.0002801663745455839+0.0052856015679948656j)
(45545.63463463463+0j),(-6.833279630974924e-05-3.6180392098420475e-06j),(5+0j),(4.9860223660161385+0.2639912838183828j),(0.00027955267967723373-0.0052798256763676565j),(0.00027955267967723373-0.005279825676367656j),(0.00027955267967723075-0.0052798256763676565j),(-0.0002795526796772231+0.005279825676367656j)
(45595.68368368368+0j),(-6.818328100680053e-05-3.6061599388816995e-06j),(5+0j),(4.986052950141927+0.26370311794426105j),(0.00027894099716144265-0.00527406235888522j),(0.0002789409971614427-0.0052740623588852205j),(0.00027894099716146314-0.005274062358885221j),(-0.000278940997161456+0.005274062358885221j)
(45645.73273273273+0j),(-6.803425543371702e-05-3.5943325922391836e-06j),(4.999999999999999+0j),(4.986083434089114+0.26341557873238786j),(0.0002783313182177176-0.0052683115746477585j),(0.0002783313182177175-0.005268311574647758j),(0.0002783313182177061-0.005268311574647757j),(-0.0002783313182177019+0.0052683115746477585j)
(45695.78178178178+0j),(-6.788571745602797e-05-3.5825568866522542e-06j),(5.000000000000001-5.551115123125783e-17j),(4.986113818294333+0.26312866414660696j),(0.0002777236341133579-0.0052625732829321425j),(0.0002777236341133579-0.005262573282932142j),(0.0002777236341133538-0.005262573282932141j),(-0.00027772363411336307+0.005262573282932141j)
(45745.830830830826+0j),(-6.773766495086792e-05-3.5708325407101296e-06j),(5-5.551115123125783e-17j),(4.986144103191842+0.26284237215954814j),(0.0002771179361631453-0.005256847443190964j),(0.0002771179361631453-0.005256847443190966j),(0.0002771179361631582-0.005256847443190964j),(-0.00027711793616314734+0.005256847443190965j)
(45795.879879879874+0j),(-6.759009580690136e-05-3.5591592748394016e-06j),(5.000000000000001-5.551115123125783e-17j),(4.986174289213548+0.2625567007525806j),(0.0002765142157290342-0.005251134015051613j),(0.00027651421572903425-0.005251134015051613j),(0.0002765142157290512-0.005251134015051613j),(-0.0002765142157290512+0.005251134015051612j)
(45845.92892892892+0j),(-6.744300792424741e-05-3.547536811290049e-06j),(5+0j),(4.986204376789008+0.26227164791576496j),(0.0002759124642198443-0.005245432958315302j),(0.0002759124642198444-0.005245432958315301j),(0.00027591246421984297-0.005245432958315299j),(-0.0002759124642198567+0.005245432958315299j)
(45895.97797797798+0j),(-6.729639921440562e-05-3.5359648741216017e-06j),(5+0j),(4.986234366345453+0.26198721164780825j),(0.0002753126730909577-0.005239744232956165j),(0.00027531267309095764-0.005239744232956165j),(0.0002753126730909372-0.005239744232956165j),(-0.00027531267309094035+0.005239744232956164j)
(45946.02702702703+0j),(-6.715026760018201e-05-3.5244431891893935e-06j),(5+0j),(4.986264258307799+0.2617033899560159j),(0.0002747148338440147-0.005234067799120318j),(0.0002747148338440147-0.005234067799120319j),(0.00027471483384401197-0.005234067799120318j),(-0.0002747148338440135+0.005234067799120318j)
(45996.076076076075+0j),(-6.700461101561581e-05-3.512971484130957e-06j),(5+0j),(4.9862940530986695+0.2614201808562473j),(0.00027411893802661575-0.005228403617124945j),(0.0002741189380266157-0.005228403617124946j),(0.0002741189380266107-0.005228403617124946j),(-0.00027411893802661846+0.005228403617124946j)
(46046.12512512512+0j),(-6.685942740590669e-05-3.5015494883525192e-06j),(5+0j),(4.9863237511384+0.2611375823728689j),(0.0002735249772320221-0.005222751647457379j),(0.0002735249772320221-0.005222751647457378j),(0.0002735249772320003-0.005222751647457378j),(-0.0002735249772320078+0.005222751647457378j)
(46096.17417417417+0j),(-6.671471472734237e-05-3.4901769330156215e-06j),(4.999999999999999+0j),(4.986353352845055+0.260855592538709j),(0.0002729329430988611-0.005217111850774182j),(0.00027293294309886114-0.005217111850774181j),(0.00027293294309888694-0.00521711185077418j),(-0.00027293294309888375+0.005217111850774181j)
(46146.22322322322+0j),(-6.65704709472276e-05-3.4788535510238893e-06j),(5+0j),(4.9863828586344585+0.26057420939501436j),(0.0002723428273108349-0.005211484187900286j),(0.0002723428273108349-0.005211484187900286j),(0.0002723428273108297-0.005211484187900287j),(-0.00027234282731082576+0.005211484187900287j)
(46196.27227227227+0j),(-6.642669404381206e-05-3.4675790770098136e-06j),(5.000000000000001+5.551115123125783e-17j),(4.986412268920179+0.2602934309914019j),(0.000271754621596425-0.005205868619828035j),(0.000271754621596425-0.005205868619828036j),(0.00027175462159643613-0.005205868619828037j),(-0.00027175462159642963+0.005205868619828036j)
(46246.32132132132+0j),(-6.628338200622068e-05-3.4563532473217806e-06j),(5+5.551115123125783e-17j),(4.986441584113569+0.26001325538581715j),(0.00027116831772860776-0.005200265107716344j),(0.00027116831772860776-0.005200265107716344j),(0.00027116831772861617-0.005200265107716342j),(-0.00027116831772861297+0.005200265107716342j)
(46296.370370370365+0j),(-6.614053283438301e-05-3.4451758000111156e-06j),(5-5.551115123125783e-17j),(4.986470804623772+0.2597336806444892j),(0.0002705839075245658-0.005194673612889786j),(0.0002705839075245658-0.005194673612889786j),(0.0002705839075245642-0.005194673612889785j),(-0.00027058390752456377+0.005194673612889786j)
(46346.41941941941+0j),(-6.599814453896396e-05-3.4340464748192764e-06j),(5.000000000000001+0j),(4.986499930857731+0.2594547048418861j),(0.00027000138284540373-0.005189094096837723j),(0.00027000138284540373-0.005189094096837723j),(0.000270001382845404-0.005189094096837722j),(-0.0002700013828454105+0.005189094096837722j)
(46396.46846846847+0j),(-6.585621514129465e-05-3.4229650131651453e-06j),(5+5.551115123125783e-17j),(4.9865289632202074+0.2591763260606715j),(0.00026942073559586583-0.005183526521213427j),(0.00026942073559586583-0.005183526521213429j),(0.00026942073559585114-0.005183526521213428j),(-0.00026942073559585797+0.005183526521213429j)
(46446.51751751752+0j),(-6.571474267330411e-05-3.411931158132443e-06j),(5+0j),(4.9865579021137965+0.2588985423916611j),(0.0002688419577240558-0.00517797084783322j),(0.0002688419577240558-0.00517797084783322j),(0.0002688419577240708-0.0051779708478332225j),(-0.00026884195772406555+0.005177970847833222j)
(46496.566566566566+0j),(-6.55737251774511e-05-3.400944654457239e-06j),(5+0j),(4.986586747938943+0.2586213519337801j),(0.00026826504122115903-0.005172427038675602j),(0.00026826504122115903-0.005172427038675603j),(0.00026826504122114516-0.005172427038675602j),(-0.0002682650412211448+0.005172427038675603j)
(46546.615615615614+0j),(-6.543316070665669e-05-3.3900052485155683e-06j),(5.000000000000001+0j),(4.986615501093943+0.2583447527940196j),(0.000267689978121166-0.005166895055880392j),(0.000267689978121166-0.005166895055880392j),(0.0002676899781211617-0.005166895055880392j),(-0.0002676899781211585+0.005166895055880391j)
(46596.66466466466+0j),(-6.529304732423734e-05-3.379112688311165e-06j),(4.999999999999999+5.551115123125783e-17j),(4.9866441619749695+0.25806874308739414j),(0.00026711676050059855-0.005161374861747882j),(0.00026711676050059855-0.005161374861747882j),(0.000267116760500592-0.005161374861747882j),(-0.0002671167605006012+0.005161374861747882j)
(46646.71371371371+0j),(-6.515338310383847e-05-3.368266723463286e-06j),(5+0j),(4.986672730976088+0.25779332093689955j),(0.0002665453804782377-0.005155866418737993j),(0.00026654538047823765-0.005155866418737992j),(0.0002665453804782381-0.005155866418737991j),(-0.00026654538047824264+0.005155866418737991j)
(46696.76276276276+0j),(-6.501416612936825e-05-3.357467105194651e-06j),(5-5.551115123125783e-17j),(4.986701208489256+0.2575184844734708j),(0.00026597583021485395-0.0051503696894694175j),(0.0002659758302148539-0.0051503696894694175j),(0.00026597583021487737-0.0051503696894694175j),(-0.0002659758302148672+0.0051503696894694175j)
(46746.81181181181+0j),(-6.487539449493248e-05-3.3467135863194784e-06j),(5+0j),(4.986729594904354+0.25724423183594025j),(0.00026540810191293937-0.005144884636718807j),(0.00026540810191293937-0.005144884636718807j),(0.00026540810191292506-0.005144884636718805j),(-0.0002654081019129277+0.005144884636718805j)
(46796.860860860856+0j),(-6.473706630476928e-05-3.3360059212316314e-06j),(5+5.551115123125783e-17j),(4.986757890609177+0.25697056117099587j),(0.0002648421878164417-0.005139411223419917j),(0.0002648421878164417-0.005139411223419917j),(0.00026484218781645195-0.005139411223419916j),(-0.0002648421878164581+0.005139411223419916j)
(46846.909909909904+0j),(-6.45991796731847e-05-3.3253438658928383e-06j),(4.999999999999999+0j),(4.986786095989474+0.25669747063313986j),(0.0002642780802104995-0.005133949412662798j),(0.00026427808021049944-0.005133949412662798j),(0.00026427808021050936-0.005133949412662798j),(-0.0002642780802105185+0.0051339494126627985j)
(46896.95895895896+0j),(-6.446173272448873e-05-3.31472717782106e-06j),(5+0j),(4.986814211428941+0.2564249583846484j),(0.0002637157714211816-0.00512849916769297j),(0.0002637157714211815-0.005128499167692968j),(0.0002637157714211824-0.005128499167692968j),(-0.0002637157714211955+0.005128499167692969j)
(46947.00800800801+0j),(-6.432472359293166e-05-3.3041556160789176e-06j),(5+0j),(4.986842237309238+0.25615302259553j),(0.0002631552538152264-0.005123060451910601j),(0.0002631552538152263-0.0051230604519106005j),(0.0002631552538152349-0.0051230604519106005j),(-0.00026315525381521987+0.0051230604519106j)
(46997.057057057056+0j),(-6.418815042264101e-05-3.2936289412622215e-06j),(5-5.551115123125783e-17j),(4.9868701740100105+0.25588166144348545j),(0.0002625965197997832-0.005117633228869712j),(0.00026259651979978316-0.0051176332288697095j),(0.0002625965197997893-0.00511763322886971j),(-0.00026259651979977655+0.005117633228869712j)
(47047.106106106105+0j),(-6.405201136755885e-05-3.283146915488616e-06j),(5.000000000000001+0j),(4.9868980219088925+0.2556108731138674j),(0.0002620395618221566-0.005112217462277348j),(0.00026203956182215666-0.005112217462277349j),(0.0002620395618221672-0.005112217462277348j),(-0.0002620395618221569+0.005112217462277347j)
(47097.15515515515+0j),(-6.391630459137976e-05-3.2727093023863064e-06j),(5+0j),(4.986925781381522+0.25534065579964016j),(0.00026148437236955195-0.005106813115992804j),(0.00026148437236955195-0.005106813115992803j),(0.00026148437236955146-0.005106813115992803j),(-0.0002614843723695512+0.005106813115992804j)
(47147.2042042042+0j),(-6.378102826748901e-05-3.2623158670828857e-06j),(4.999999999999999+0j),(4.986953452801558+0.2550710077013404j),(0.00026093094396882274-0.0051014201540268075j),(0.0002609309439688228-0.005101420154026808j),(0.00026093094396882675-0.0051014201540268075j),(-0.00026093094396882274+0.005101420154026808j)
(47197.25325325325+0j),(-6.364618057890138e-05-3.2519663761942543e-06j),(5+0j),(4.986981036540689+0.2548019270270374j),(0.00026037926918622044-0.005096038540540749j),(0.00026037926918622044-0.005096038540540749j),(0.0002603792691862239-0.005096038540540748j),(-0.0002603792691862304+0.005096038540540748j)
(47247.3023023023+0j),(-6.351175971820039e-05-3.241660597813643e-06j),(5+0j),(4.987008532968643+0.25453341199229396j),(0.00025982934062714573-0.00509066823984588j),(0.00025982934062714573-0.00509066823984588j),(0.0002598293406271424-0.005090668239845879j),(-0.0002598293406271511+0.00509066823984588j)
(47297.351351351346+0j),(-6.337776388747777e-05-3.2313983015006945e-06j),(4.999999999999999+0j),(4.987035942453204+0.2542654608201267j),(0.0002592811509359003-0.005085309216402534j),(0.0002592811509359004-0.005085309216402534j),(0.0002592811509359017-0.005085309216402534j),(-0.00025928115093590623+0.0050853092164025344j)
(47347.400400400395+0j),(-6.324419129827374e-05-3.221179258270688e-06j),(4.999999999999999+0j),(4.987063265360227+0.2539980717409683j),(0.0002587346927954439-0.005079961434819365j),(0.00025873469279544394-0.0050799614348193654j),(0.0002587346927954393-0.0050799614348193654j),(-0.0002587346927954321+0.005079961434819366j)
(47397.44944944944+0j),(-6.311104017151748e-05-3.2110032405838104e-06j),(5+0j),(4.9870905020536425+0.253731242992628j),(0.0002581899589271488-0.0050746248598525605j),(0.00025818995892714876-0.0050746248598525605j),(0.0002581899589271508-0.0050746248598525605j),(-0.0002581899589271415+0.0050746248598525605j)
(47447.4984984985+0j),(-6.297830873746804e-05-3.2008700223345454e-06j),(5+5.551115123125783e-17j),(4.987117652895472+0.25346497282025426j),(0.00025764694209056007-0.005069299456405085j),(0.00025764694209056007-0.005069299456405084j),(0.0002576469420905525-0.005069299456405084j),(-0.0002576469420905586+0.005069299456405084j)
(47497.54754754755+0j),(-6.284599523565584e-05-3.190779378841135e-06j),(5+0j),(4.987144718245843+0.2531992594762957j),(0.0002571056350831546-0.005063985189525914j),(0.00025710563508315456-0.005063985189525913j),(0.0002571056350831391-0.005063985189525914j),(-0.00025710563508314627+0.005063985189525913j)
(47547.596596596595+0j),(-6.271409791482441e-05-3.1807310868351395e-06j),(5+5.551115123125783e-17j),(4.987171698462995+0.2529341012204642j),(0.00025656603074010383-0.005058682024409282j),(0.0002565660307401039-0.005058682024409283j),(0.00025656603074009966-0.005058682024409284j),(-0.0002565660307400977+0.005058682024409283j)
(47597.64564564564+0j),(-6.258261503287266e-05-3.17072492445107e-06j),(5+0j),(4.9871985939032974+0.2526694963196964j),(0.0002560281219340365-0.005053389926393929j),(0.0002560281219340365-0.005053389926393928j),(0.000256028121934051-0.005053389926393928j),(-0.00025602812193404115+0.005053389926393927j)
(47647.69469469469+0j),(-6.245154485679763e-05-3.160760671216143e-06j),(5+0j),(4.98722540492126+0.2524054430481175j),(0.0002554919015748059-0.005048108860962351j),(0.0002554919015748059-0.00504810886096235j),(0.00025549190157480694-0.005048108860962351j),(-0.0002554919015748149+0.005048108860962352j)
(47697.74374374374+0j),(-6.232088566263744e-05-3.150838108040064e-06j),(4.999999999999999+0j),(4.987252131869536+0.2521419396870029j),(0.00025495736260925484-0.005042838793740059j),(0.00025495736260925484-0.005042838793740058j),(0.0002549573626092538-0.005042838793740058j),(-0.0002549573626092587+0.005042838793740059j)
(47747.79279279279+0j),(-6.219063573541491e-05-3.140957017204955e-06j),(4.999999999999999+0j),(4.98727877509895+0.2518789845247421j),(0.0002544244980209861-0.005037579690494841j),(0.0002544244980209861-0.005037579690494843j),(0.00025442449802097754-0.005037579690494842j),(-0.0002544244980209713+0.005037579690494844j)
(47797.84184184184+0j),(-6.206079336908149e-05-3.1311171823553255e-06j),(5.000000000000001-5.551115123125783e-17j),(4.987305334958495+0.25161657585680186j),(0.00025389330083013244-0.005032331517136039j),(0.0002538933008301324-0.005032331517136038j),(0.0002538933008301214-0.005032331517136038j),(-0.0002538933008301193+0.005032331517136038j)
(47847.890890890885+0j),(-6.193135686646135e-05-3.1213183884881407e-06j),(5+5.551115123125783e-17j),(4.987331811795343+0.2513547119856894j),(0.0002533637640931283-0.005027094239713787j),(0.0002533637640931282-0.005027094239713787j),(0.00025336376409313744-0.005027094239713787j),(-0.0002533637640931425+0.005027094239713788j)
(47897.93993993993+0j),(-6.180232453919652e-05-3.111560421942978e-06j),(5.000000000000001+0j),(4.987358205954877+0.2510933912209167j),(0.00025283588090248423-0.0050218678244183315j),(0.0002528358809024843-0.005021867824418333j),(0.00025283588090248445-0.005021867824418333j),(-0.00025283588090247583+0.005021867824418333j)
(47947.98898898899+0j),(-6.167369470769167e-05-3.101843070392262e-06j),(5.000000000000001+0j),(4.987384517780673+0.2508326118789643j),(0.0002523096443865631-0.005016652237579285j),(0.00025230964438656314-0.005016652237579286j),(0.0002523096443865569-0.005016652237579285j),(-0.0002523096443865503+0.005016652237579286j)
(47998.03803803804+0j),(-6.154546570105978e-05-3.092166122831572e-06j),(5.000000000000001+0j),(4.987410747614533+0.2505723722832454j),(0.0002517850477093556-0.005011447445664908j),(0.00025178504770935554-0.005011447445664909j),(0.0002517850477093653-0.005011447445664908j),(-0.00025178504770935825+0.00501144744566491j)
(48048.087087087086+0j),(-6.141763585706802e-05-3.0825293695700344e-06j),(5+0j),(4.987436895796487+0.2503126707640707j),(0.00025126208407026007-0.005006253415281412j),(0.00025126208407026007-0.005006253415281413j),(0.00025126208407025177-0.005006253415281415j),(-0.00025126208407024597+0.005006253415281415j)
(48098.136136136134+0j),(-6.129020352208415e-05-3.0729326022208055e-06j),(5.000000000000001+5.551115123125783e-17j),(4.987462962664807+0.2500535056586124j),(0.0002507407467038626-0.005001070113172246j),(0.0002507407467038626-0.005001070113172246j),(0.00025074074670387246-0.005001070113172247j),(-0.0002507407467038786+0.005001070113172246j)
(48148.18518518518+0j),(-6.116316705102308e-05-3.0633756136916157e-06j),(5-2.7755575615628914e-17j),(4.987488948556013+0.24979487531086944j),(0.00025022102887971873-0.004995897506217389j),(0.0002502210288797188-0.004995897506217389j),(0.00025022102887973575-0.004995897506217389j),(-0.00025022102887973727+0.00499589750621739j)
(48198.23423423423+0j),(-6.103652480729407e-05-3.053858198175409e-06j),(5.000000000000001+0j),(4.987514853804894+0.24953677807163324j),(0.00024970292390213777-0.004990735561432666j),(0.00024970292390213777-0.004990735561432666j),(0.0002497029239021309-0.004990735561432665j),(-0.0002497029239021363+0.004990735561432664j)
(48248.28328328328+0j),(-6.0910275162748053e-05-3.0443801511410337e-06j),(5+0j),(4.987540678744502+0.2492792122984514j),(0.00024918642510996604-0.004985584245969027j),(0.0002491864251099661-0.004985584245969027j),(0.0002491864251099685-0.0049855842459690285j),(-0.00024918642510996306+0.0049855842459690285j)
(48298.33233233233+0j),(-6.07844164976258e-05-3.034941269324057e-06j),(5.000000000000001+0j),(4.987566423706182+0.24902217635559512j),(0.00024867152587637625-0.004980443527111904j),(0.00024867152587637625-0.004980443527111904j),(0.00024867152587637164-0.004980443527111903j),(-0.0002486715258763831+0.004980443527111904j)
(48348.381381381376+0j),(-6.065894720050568e-05-3.025541350717593e-06j),(5.000000000000001+0j),(4.987592089019568+0.24876566861402338j),(0.00024815821960865256-0.004975313372280468j),(0.00024815821960865256-0.004975313372280467j),(0.00024815821960865847-0.004975313372280468j),(-0.00024815821960864903+0.004975313372280466j)
(48398.430430430424+0j),(-6.053386566825264e-05-3.0161801945632637e-06j),(4.999999999999999+0j),(4.987617675012601+0.24850968745134985j),(0.000247646499747983-0.004970193749026996j),(0.000247646499747983-0.004970193749026997j),(0.00024764649974796883-0.004970193749026997j),(-0.00024764649974796243+0.004970193749026998j)
(48448.47947947948+0j),(-6.0409170305966985e-05-3.0068576013421914e-06j),(5-2.7755575615628914e-17j),(4.987643182011538+0.24825423125180843j),(0.0002471363597692483-0.004965084625036169j),(0.0002471363597692483-0.00496508462503617j),(0.00024713635976924663-0.004965084625036169j),(-0.00024713635976924766+0.00496508462503617j)
(48498.52852852853+0j),(-6.0284859526933705e-05-2.9975733727661e-06j),(4.999999999999999-2.7755575615628914e-17j),(4.987668610340958+0.24799929840622026j),(0.0002466277931808168-0.004959985968124404j),(0.00024662779318081684-0.0049599859681244045j),(0.00024662779318081364-0.004959985968124406j),(-0.000246627793180805+0.004959985968124406j)
(48548.57757757758+0j),(-6.016093175257235e-05-2.9883273117684633e-06j),(5+0j),(4.987693960323783+0.24774488731195962j),(0.00024612079352433696-0.0049548977462391935j),(0.0002461207935243369-0.0049548977462391935j),(0.0002461207935243337-0.004954897746239193j),(-0.0002461207935243459+0.004954897746239193j)
(48598.626626626625+0j),(-6.003738541238664e-05-2.9791192224957227e-06j),(5.000000000000001-2.7755575615628914e-17j),(4.987719232281275+0.24749099637292074j),(0.00024561535437453284-0.004949819927458416j),(0.00024561535437453284-0.004949819927458416j),(0.000245615354374511-0.004949819927458416j),(-0.0002456153543745239+0.004949819927458415j)
(48648.67567567567+0j),(-5.9914218943915396e-05-2.9699489102986197e-06j),(5.000000000000001+0j),(4.98774442653305+0.2472376239994853j),(0.0002451114693390029-0.004944752479989706j),(0.00024511146933900294-0.004944752479989708j),(0.0002451114693390188-0.004944752479989706j),(-0.00024511146933902175+0.004944752479989705j)
(48698.72472472472+0j),(-5.979143079268301e-05-2.960816181723541e-06j),(5+2.7755575615628914e-17j),(4.987769543397099+0.2469847686084892j),(0.0002446091320580171-0.004939695372169785j),(0.00024460913205801704-0.004939695372169784j),(0.00024460913205802013-0.004939695372169784j),(-0.000244609132058031+0.004939695372169784j)
(48748.77377377377+0j),(-5.966901941215064e-05-2.951720844503978e-06j),(4.999999999999999+0j),(4.987794583189784+0.24673242862318986j),(0.00024410833620431722-0.0049346485724638j),(0.00024410833620431714-0.0049346485724638j),(0.0002441083362043095-0.0049346485724637975j),(-0.00024410833620432115+0.004934648572463798j)
(48798.82282282282+0j),(-5.9546983263667585e-05-2.9426627075520357e-06j),(5+2.7755575615628914e-17j),(4.987819546225855+0.2464806024732344j),(0.00024360907548291876-0.0049296120494646874j),(0.00024360907548291873-0.0049296120494646874j),(0.00024360907548290456-0.0049296120494646874j),(-0.0002436090754829104+0.0049296120494646874j)
(48848.87187187187+0j),(-5.942532081642321e-05-2.933641580950009e-06j),(4.999999999999999+2.7755575615628914e-17j),(4.987844432818453+0.24622928859462584j),(0.00024311134363091255-0.004924585771892517j),(0.00024311134363091253-0.0049245857718925165j),(0.0002431113436309218-0.0049245857718925165j),(-0.0002431113436309265+0.004924585771892517j)
(48898.920920920915+0j),(-5.930403054739905e-05-2.924657275942047e-06j),(5.000000000000001-2.7755575615628914e-17j),(4.987869243279137+0.2459784854296933j),(0.00024261513441727072-0.004919569708593867j),(0.0002426151344172707-0.004919569708593866j),(0.00024261513441727446-0.004919569708593867j),(-0.0002426151344172775+0.004919569708593866j)
(48948.96996996997+0j),(-5.918311094132118e-05-2.915709604925858e-06j),(5.000000000000001+0j),(4.987893977917867+0.245728191427058j),(0.00024212044164265042-0.004914563828541161j),(0.00024212044164265045-0.00491456382854116j),(0.00024212044164267254-0.00491456382854116j),(-0.0002421204416426688+0.0049145638285411596j)
(48999.01901901902+0j),(-5.906256049061338e-05-2.906798381444518e-06j),(5+2.7755575615628914e-17j),(4.987918637043039+0.24547840504160331j),(0.00024162725913920292-0.004909568100832066j),(0.00024162725913920284-0.004909568100832065j),(0.00024162725913921436-0.004909568100832066j),(-0.00024162725913920435+0.004909568100832066j)
(49049.06806806807+0j),(-5.894237769534985e-05-2.8979234201782903e-06j),(4.999999999999999+0j),(4.987943220961481+0.24522912473444175j),(0.00024113558077037942-0.004904582494688836j),(0.0002411355807703794-0.004904582494688835j),(0.00024113558077036858-0.004904582494688835j),(-0.00024113558077036926+0.004904582494688836j)
(49099.117117117115+0j),(-5.882256106320906e-05-2.8890845369365828e-06j),(5+0j),(4.987967729978463+0.24498034897288523j),(0.00024064540043074357-0.004899606979457704j),(0.0002406454004307436-0.004899606979457704j),(0.00024064540043074347-0.004899606979457705j),(-0.00024064540043073485+0.004899606979457705j)
(49149.166166166164+0j),(-5.870310910942734e-05-2.8802815486498998e-06j),(5+0j),(4.98799216439771+0.2447320762304123j),(0.00024015671204578-0.0048946415246082465j),(0.00024015671204577997-0.0048946415246082465j),(0.00024015671204580258-0.004894641524608246j),(-0.00024015671204580258+0.004894641524608246j)
(49199.21521521521+0j),(-5.858402035675329e-05-2.871514273361922e-06j),(5+0j),(4.988016524521415+0.24448430498663912j),(0.00023966950957170888-0.004889686099732783j),(0.00023966950957170888-0.004889686099732783j),(0.00023966950957170498-0.004889686099732783j),(-0.00023966950957170907+0.004889686099732782j)
(49249.26426426426+0j),(-5.8465293335401945e-05-2.862782530221594e-06j),(5+0j),(4.988040810650235+0.24423703372728678j),(0.0002391837869952978-0.004884740674545738j),(0.00023918378699529778-0.004884740674545737j),(0.00023918378699530507-0.0048847406745457355j),(-0.00023918378699531312+0.004884740674545736j)
(49299.31331331331+0j),(-5.834692658300975e-05-2.854086139475321e-06j),(4.999999999999999+0j),(4.9880650230833155+0.24399026094415238j),(0.00023869953833367816-0.004879805218883047j),(0.00023869953833367816-0.004879805218883046j),(0.0002386995383336732-0.004879805218883048j),(-0.0002386995383336747+0.004879805218883048j)
(49349.36236236236+0j),(-5.8228918644589684e-05-2.8454249224591997e-06j),(5.000000000000001+0j),(4.988089162118293+0.24374398513507756j),(0.00023821675763416078-0.004874879702701551j),(0.00023821675763416076-0.00487487970270155j),(0.0002382167576341665-0.004874879702701551j),(-0.00023821675763415973+0.004874879702701551j)
(49399.411411411405+0j),(-5.811126807248662e-05-2.8367987015913285e-06j),(5-2.7755575615628914e-17j),(4.988113228051297+0.2434982048039188j),(0.0002377354389740538-0.004869964096078375j),(0.00023773543897405382-0.004869964096078376j),(0.00023773543897405604-0.004869964096078376j),(-0.00023773543897405783+0.004869964096078376j)
(49449.460460460454+0j),(-5.799397342633319e-05-2.828207300364177e-06j),(5+0j),(4.9881372211769754+0.24325291846051783j),(0.00023725557646048223-0.004865058369210357j),(0.00023725557646048218-0.004865058369210357j),(0.00023725557646049112-0.004865058369210357j),(-0.0002372555764604788+0.004865058369210357j)
(49499.50950950951+0j),(-5.787703327300557e-05-2.8196505433369926e-06j),(4.999999999999999+2.7755575615628914e-17j),(4.988161141788488+0.24300812462067065j),(0.0002367771642302063-0.004860162492413413j),(0.00023677716423020626-0.0048601624924134125j),(0.00023677716423021523-0.0048601624924134125j),(-0.00023677716423021328+0.004860162492413413j)
(49549.55855855856+0j),(-5.7760446186580226e-05-2.811128256128321e-06j),(5.000000000000001-2.7755575615628914e-17j),(4.988184990177529+0.24276382180609934j),(0.0002363001964494455-0.004855276436121988j),(0.0002363001964494455-0.004855276436121989j),(0.00023630019644944156-0.004855276436121988j),(-0.00023630019644943837+0.004855276436121987j)
(49599.607607607606+0j),(-5.76442107482902e-05-2.802640265408524e-06j),(5+2.7755575615628914e-17j),(4.988208766634315+0.24252000854442113j),(0.00023582466731369883-0.004850400170888422j),(0.00023582466731369886-0.004850400170888424j),(0.00023582466731369322-0.004850400170888422j),(-0.00023582466731369991+0.004850400170888423j)
(49649.656656656654+0j),(-5.7528325546482406e-05-2.7941863988924105e-06j),(4.999999999999999+2.7755575615628914e-17j),(4.988232471447621+0.24227668336912028j),(0.00023535057104757064-0.004845533667382406j),(0.00023535057104757061-0.0048455336673824045j),(0.00023535057104755454-0.004845533667382405j),(-0.00023535057104754825+0.004845533667382405j)
(49699.7057057057+0j),(-5.741278917657468e-05-2.7857664853318907e-06j),(5-2.7755575615628914e-17j),(4.98825610490477+0.2420338448195183j),(0.0002348779019045946-0.004840676896390368j),(0.00023487790190459458-0.004840676896390366j),(0.0002348779019045999-0.004840676896390367j),(-0.00023487790190459057+0.004840676896390367j)
(49749.75475475475+0j),(-5.7297600241013425e-05-2.7773803545087064e-06j),(5.000000000000001+0j),(4.988279667291647+0.24179149144074535j),(0.00023440665416706063-0.004835829828814907j),(0.00023440665416706065-0.004835829828814908j),(0.00023440665416707418-0.004835829828814907j),(-0.0002344066541670742+0.004835829828814907j)
(49799.8038038038+0j),(-5.718275734923157e-05-2.7690278372272223e-06j),(5+0j),(4.988303158892709+0.24154962178371125j),(0.00023393682214584277-0.004830992435674225j),(0.00023393682214584277-0.004830992435674226j),(0.00023393682214582157-0.004830992435674225j),(-0.0002339368221458346+0.004830992435674225j)
(49849.85285285285+0j),(-5.7068259117606586e-05-2.7607087653072583e-06j),(4.999999999999999+0j),(4.9883265799909875+0.24130823440507682j),(0.0002334684001802273-0.004826164688101536j),(0.0002334684001802273-0.004826164688101535j),(0.0002334684001802323-0.004826164688101537j),(-0.00023346840018022633+0.004826164688101537j)
(49899.901901901896+0j),(-5.695410416941905e-05-2.752422971576994e-06j),(5+0j),(4.988349930868114+0.24106732786722593j),(0.00023300138263774347-0.004821346557344518j),(0.00023300138263774347-0.004821346557344519j),(0.00023300138263772753-0.004821346557344518j),(-0.00023300138263772363+0.004821346557344519j)
(49949.950950950944+0j),(-5.684029113481133e-05-2.7441702898659265e-06j),(5.000000000000001+0j),(4.9883732118043005+0.24082690073823654j),(0.00023253576391399418-0.004816538014764731j),(0.00023253576391399418-0.004816538014764731j),(0.000232535763914008-0.004816538014764731j),(-0.0002325357639140074+0.00481653801476473j)
(50000+0j),(-5.672681865074659e-05-2.7359505549978765e-06j),(4.999999999999999+0j),(4.988396423078375+0.24058695159185298j),(0.0002320715384324886-0.00481173903183706j),(0.00023207153843248857-0.00481173903183706j),(0.00023207153843248562-0.00481173903183706j),(-0.00023207153843247952+0.00481173903183706j)
